 0.0000000000000000E+000, 0.0000000000000000E+000, 4.9999999732985234E+000
 1.0000000000000001E-005, 1.0000000000000001E-005, 4.9999999732985474E+000
 2.0000000000000002E-005, 2.0000000000000002E-005, 4.9999999732985723E+000
 3.0000000000000004E-005, 3.0000000000000004E-005, 4.9999999732985962E+000
 5.0000000000000009E-005, 5.0000000000000009E-005, 4.9999999732986442E+000
 9.0000000000000019E-005, 9.0000000000000019E-005, 4.9999999732987410E+000
 1.7000000000000001E-004, 1.7000000000000001E-004, 4.9999999732989338E+000
 3.3000000000000000E-004, 3.3000000000000000E-004, 4.9999999732993183E+000
 6.4999999999999997E-004, 6.4999999999999997E-004, 4.9999999733000866E+000
 1.2899999999999999E-003, 1.2899999999999999E-003, 4.9999999733016161E+000
 2.2899999999999999E-003, 2.2899999999999999E-003, 4.9999999733039866E+000
 3.2900000000000000E-003, 3.2900000000000000E-003, 4.9999999733063349E+000
 4.2900000000000004E-003, 4.2900000000000004E-003, 4.9999999733086566E+000
 5.2900000000000004E-003, 5.2900000000000004E-003, 4.9999999733109508E+000
 6.2900000000000005E-003, 6.2900000000000005E-003, 4.9999999733132201E+000
 7.2900000000000005E-003, 7.2900000000000005E-003, 4.9999999733154610E+000
 8.2900000000000005E-003, 8.2900000000000005E-003, 4.9999999733176708E+000
 9.2899999999999996E-003, 9.2899999999999996E-003, 4.9999999733198521E+000
 1.0290000000000001E-002, 1.0290000000000001E-002, 4.9999999733219997E+000
 1.1290000000000001E-002, 1.1290000000000001E-002, 4.9999999733241163E+000
 1.2290000000000002E-002, 1.2290000000000002E-002, 4.9999999733261982E+000
 1.3290000000000003E-002, 1.3290000000000003E-002, 4.9999999733282436E+000
 1.4290000000000004E-002, 1.4290000000000004E-002, 4.9999999733302509E+000
 1.5290000000000005E-002, 1.5290000000000005E-002, 4.9999999733322218E+000
 1.6290000000000006E-002, 1.6290000000000006E-002, 4.9999999733341527E+000
 1.7290000000000007E-002, 1.7290000000000007E-002, 4.9999999733360427E+000
 1.8290000000000008E-002, 1.8290000000000008E-002, 4.9999999733378884E+000
 1.9290000000000009E-002, 1.9290000000000009E-002, 4.9999999733396887E+000
 2.0290000000000009E-002, 2.0290000000000009E-002, 4.9999999733414437E+000
 2.1290000000000010E-002, 2.1290000000000010E-002, 4.9999999733455907E+000
 2.2290000000000011E-002, 2.2290000000000011E-002, 4.9999999733472453E+000
 2.3290000000000012E-002, 2.3290000000000012E-002, 4.9999999733488494E+000
 2.4290000000000013E-002, 2.4290000000000013E-002, 4.9999999733503966E+000
 2.5290000000000014E-002, 2.5290000000000014E-002, 4.9999999733518887E+000
 2.6290000000000015E-002, 2.6290000000000015E-002, 4.9999999733533231E+000
 2.7290000000000016E-002, 2.7290000000000016E-002, 4.9999999733546936E+000
 2.8290000000000017E-002, 2.8290000000000017E-002, 4.9999999733560028E+000
 2.9290000000000017E-002, 2.9290000000000017E-002, 4.9999999733572453E+000
 3.0290000000000018E-002, 3.0290000000000018E-002, 4.9999999733584186E+000
 3.1290000000000019E-002, 3.1290000000000019E-002, 4.9999999733595208E+000
 3.2290000000000020E-002, 3.2290000000000020E-002, 4.9999999733605494E+000
 3.3290000000000021E-002, 3.3290000000000021E-002, 4.9999999733615006E+000
 3.4290000000000022E-002, 3.4290000000000022E-002, 4.9999999733623710E+000
 3.5290000000000023E-002, 3.5290000000000023E-002, 4.9999999733631597E+000
 3.6290000000000024E-002, 3.6290000000000024E-002, 4.9999999733638605E+000
 3.7290000000000025E-002, 3.7290000000000025E-002, 4.9999999733644707E+000
 3.8290000000000025E-002, 3.8290000000000025E-002, 4.9999999733649894E+000
 3.9290000000000026E-002, 3.9290000000000026E-002, 4.9999999733654086E+000
 4.0290000000000027E-002, 4.0290000000000027E-002, 4.9999999733657283E+000
 4.1290000000000028E-002, 4.1290000000000028E-002, 4.9999999733659415E+000
 4.2290000000000029E-002, 4.2290000000000029E-002, 4.9999999733660472E+000
 4.3290000000000030E-002, 4.3290000000000030E-002, 4.9999999733660392E+000
 4.4290000000000031E-002, 4.4290000000000031E-002, 4.9999999733659122E+000
 4.5290000000000032E-002, 4.5290000000000032E-002, 4.9999999733656626E+000
 4.6290000000000033E-002, 4.6290000000000033E-002, 4.9999999733652878E+000
 4.7290000000000033E-002, 4.7290000000000033E-002, 4.9999999733623364E+000
 4.8290000000000034E-002, 4.8290000000000034E-002, 4.9999999733616898E+000
 4.9290000000000035E-002, 4.9290000000000035E-002, 4.9999999733609002E+000
 5.0290000000000036E-002, 5.0290000000000036E-002, 4.9999999733599614E+000
 5.1290000000000037E-002, 5.1290000000000037E-002, 4.9999999733588689E+000
 5.2290000000000038E-002, 5.2290000000000038E-002, 4.9999999733576148E+000
 5.3290000000000039E-002, 5.3290000000000039E-002, 4.9999999733561955E+000
 5.4290000000000040E-002, 5.4290000000000040E-002, 4.9999999733546003E+000
 5.5290000000000041E-002, 5.5290000000000041E-002, 4.9999999733528258E+000
 5.6290000000000041E-002, 5.6290000000000041E-002, 4.9999999733508629E+000
 5.7290000000000042E-002, 5.7290000000000042E-002, 4.9999999733487064E+000
 5.8290000000000043E-002, 5.8290000000000043E-002, 4.9999999733463465E+000
 5.9290000000000044E-002, 5.9290000000000044E-002, 4.9999999733437761E+000
 6.0290000000000045E-002, 6.0290000000000045E-002, 4.9999999733409872E+000
 6.1290000000000046E-002, 6.1290000000000046E-002, 4.9999999733379701E+000
 6.2290000000000047E-002, 6.2290000000000047E-002, 4.9999999733322733E+000
 6.3290000000000041E-002, 6.3290000000000041E-002, 4.9999999733287748E+000
 6.4290000000000042E-002, 6.4290000000000042E-002, 4.9999999733250196E+000
 6.5290000000000042E-002, 6.5290000000000042E-002, 4.9999999733209988E+000
 6.6290000000000043E-002, 6.6290000000000043E-002, 4.9999999733167035E+000
 6.7290000000000044E-002, 6.7290000000000044E-002, 4.9999999733121205E+000
 6.8290000000000045E-002, 6.8290000000000045E-002, 4.9999999733072373E+000
 6.9290000000000046E-002, 6.9290000000000046E-002, 4.9999999732996052E+000
 7.0290000000000047E-002, 7.0290000000000047E-002, 4.9999999732940905E+000
 7.1290000000000048E-002, 7.1290000000000048E-002, 4.9999999732882427E+000
 7.2290000000000049E-002, 7.2290000000000049E-002, 4.9999999732820468E+000
 7.3290000000000050E-002, 7.3290000000000050E-002, 4.9999999732754885E+000
 7.4290000000000050E-002, 7.4290000000000050E-002, 4.9999999732661102E+000
 7.5290000000000051E-002, 7.5290000000000051E-002, 4.9999999732587854E+000
 7.6290000000000052E-002, 7.6290000000000052E-002, 4.9999999732510529E+000
 7.7290000000000053E-002, 7.7290000000000053E-002, 4.9999999732428995E+000
 7.8290000000000054E-002, 7.8290000000000054E-002, 4.9999999732318647E+000
 7.9290000000000055E-002, 7.9290000000000055E-002, 4.9999999732228151E+000
 8.0290000000000056E-002, 8.0290000000000056E-002, 4.9999999732132929E+000
 8.1290000000000057E-002, 8.1290000000000057E-002, 4.9999999732032760E+000
 8.2290000000000058E-002, 8.2290000000000058E-002, 4.9999999731903042E+000
 8.3290000000000058E-002, 8.3290000000000058E-002, 4.9999999731792446E+000
 8.4290000000000059E-002, 8.4290000000000059E-002, 4.9999999731676308E+000
 8.5290000000000060E-002, 8.5290000000000060E-002, 4.9999999731529980E+000
 8.6290000000000061E-002, 8.6290000000000061E-002, 4.9999999731402101E+000
 8.7290000000000062E-002, 8.7290000000000062E-002, 4.9999999731268012E+000
 8.8290000000000063E-002, 8.8290000000000063E-002, 4.9999999731103024E+000
 8.9290000000000064E-002, 8.9290000000000064E-002, 4.9999999730955773E+000
 9.0290000000000065E-002, 9.0290000000000065E-002, 4.9999999730777080E+000
 9.1290000000000066E-002, 9.1290000000000066E-002, 4.9999999730615583E+000
 9.2290000000000066E-002, 9.2290000000000066E-002, 4.9999999730422120E+000
 9.3290000000000067E-002, 9.3290000000000067E-002, 4.9999999730245239E+000
 9.4290000000000068E-002, 9.4290000000000068E-002, 4.9999999730035798E+000
 9.5290000000000069E-002, 9.5290000000000069E-002, 4.9999999729842299E+000
 9.6290000000000070E-002, 9.6290000000000070E-002, 4.9999999729615574E+000
 9.7290000000000071E-002, 9.7290000000000071E-002, 4.9999999729379700E+000
 9.8290000000000072E-002, 9.8290000000000072E-002, 4.9999999729158757E+000
 9.9290000000000073E-002, 9.9290000000000073E-002, 4.9999999728903504E+000
 1.0029000000000007E-001, 1.0029000000000007E-001, 4.9999999728637974E+000
 1.0129000000000007E-001, 1.0129000000000007E-001, 4.9999999728386184E+000
 1.0229000000000008E-001, 1.0229000000000008E-001, 4.9999999728098876E+000
 1.0329000000000008E-001, 1.0329000000000008E-001, 4.9999999727800040E+000
 1.0429000000000008E-001, 1.0429000000000008E-001, 4.9999999727489195E+000
 1.0529000000000008E-001, 1.0529000000000008E-001, 4.9999999727190323E+000
 1.0629000000000008E-001, 1.0629000000000008E-001, 4.9999999726854076E+000
 1.0729000000000008E-001, 1.0729000000000008E-001, 4.9999999726504356E+000
 1.0829000000000008E-001, 1.0829000000000008E-001, 4.9999999726140656E+000
 1.0929000000000008E-001, 1.0929000000000008E-001, 4.9999999725762407E+000
 1.1029000000000008E-001, 1.1029000000000008E-001, 4.9999999725369024E+000
 1.1129000000000008E-001, 1.1129000000000008E-001, 4.9999999724959947E+000
 1.1229000000000008E-001, 1.1229000000000008E-001, 4.9999999724534518E+000
 1.1329000000000009E-001, 1.1329000000000009E-001, 4.9999999724067701E+000
 1.1429000000000009E-001, 1.1429000000000009E-001, 4.9999999723607651E+000
 1.1529000000000009E-001, 1.1529000000000009E-001, 4.9999999723129260E+000
 1.1629000000000009E-001, 1.1629000000000009E-001, 4.9999999722631809E+000
 1.1729000000000009E-001, 1.1729000000000009E-001, 4.9999999722090092E+000
 1.1829000000000009E-001, 1.1829000000000009E-001, 4.9999999721552237E+000
 1.1929000000000009E-001, 1.1929000000000009E-001, 4.9999999720968535E+000
 1.2029000000000009E-001, 1.2029000000000009E-001, 4.9999999720387001E+000
 1.2129000000000009E-001, 1.2129000000000009E-001, 4.9999999719757930E+000
 1.2229000000000009E-001, 1.2229000000000009E-001, 4.9999999719104791E+000
 1.2329000000000009E-001, 1.2329000000000009E-001, 4.9999999718451091E+000
 1.2429000000000009E-001, 1.2429000000000009E-001, 4.9999999717747015E+000
 1.2529000000000010E-001, 1.2529000000000010E-001, 4.9999999717015919E+000
 1.2629000000000010E-001, 1.2629000000000010E-001, 4.9999999716256776E+000
 1.2729000000000010E-001, 1.2729000000000010E-001, 4.9999999715468455E+000
 1.2829000000000010E-001, 1.2829000000000010E-001, 4.9999999714649821E+000
 1.2929000000000010E-001, 1.2929000000000010E-001, 4.9999999713775267E+000
 1.3029000000000010E-001, 1.3029000000000010E-001, 4.9999999712892365E+000
 1.3129000000000010E-001, 1.3129000000000010E-001, 4.9999999711975436E+000
 1.3229000000000010E-001, 1.3229000000000010E-001, 4.9999999710998679E+000
 1.3329000000000010E-001, 1.3329000000000010E-001, 4.9999999709985161E+000
 1.3429000000000010E-001, 1.3429000000000010E-001, 4.9999999708957832E+000
 1.3529000000000010E-001, 1.3529000000000010E-001, 4.9999999707866332E+000
 1.3629000000000011E-001, 1.3629000000000011E-001, 4.9999999706733558E+000
 1.3729000000000011E-001, 1.3729000000000011E-001, 4.9999999705557840E+000
 1.3829000000000011E-001, 1.3829000000000011E-001, 4.9999999704337510E+000
 1.3929000000000011E-001, 1.3929000000000011E-001, 4.9999999703046374E+000
 1.4029000000000011E-001, 1.4029000000000011E-001, 4.9999999701731435E+000
 1.4129000000000011E-001, 1.4129000000000011E-001, 4.9999999700341995E+000
 1.4229000000000011E-001, 1.4229000000000011E-001, 4.9999999698900472E+000
 1.4329000000000011E-001, 1.4329000000000011E-001, 4.9999999697429232E+000
 1.4429000000000011E-001, 1.4429000000000011E-001, 4.9999999695852893E+000
 1.4529000000000011E-001, 1.4529000000000011E-001, 4.9999999694242474E+000
 1.4629000000000011E-001, 1.4629000000000011E-001, 4.9999999692571278E+000
 1.4729000000000012E-001, 1.4729000000000012E-001, 4.9999999690812480E+000
 1.4829000000000012E-001, 1.4829000000000012E-001, 4.9999999689012427E+000
 1.4929000000000012E-001, 1.4929000000000012E-001, 4.9999999687119692E+000
 1.5029000000000012E-001, 1.5029000000000012E-001, 4.9999999685156009E+000
 1.5129000000000012E-001, 1.5129000000000012E-001, 4.9999999683094156E+000
 1.5229000000000012E-001, 1.5229000000000012E-001, 4.9999999680980070E+000
 1.5329000000000012E-001, 1.5329000000000012E-001, 4.9999999678761906E+000
 1.5429000000000012E-001, 1.5429000000000012E-001, 4.9999999676460911E+000
 1.5529000000000012E-001, 1.5529000000000012E-001, 4.9999999674073852E+000
 1.5629000000000012E-001, 1.5629000000000012E-001, 4.9999999671572892E+000
 1.5729000000000012E-001, 1.5729000000000012E-001, 4.9999999668978923E+000
 1.5829000000000013E-001, 1.5829000000000013E-001, 4.9999999666288319E+000
 1.5929000000000013E-001, 1.5929000000000013E-001, 4.9999999663497254E+000
 1.6029000000000013E-001, 1.6029000000000013E-001, 4.9999999660601757E+000
 1.6129000000000013E-001, 1.6129000000000013E-001, 4.9999999657573291E+000
 1.6229000000000013E-001, 1.6229000000000013E-001, 4.9999999654432008E+000
 1.6329000000000013E-001, 1.6329000000000013E-001, 4.9999999651149052E+000
 1.6429000000000013E-001, 1.6429000000000013E-001, 4.9999999647744184E+000
 1.6529000000000013E-001, 1.6529000000000013E-001, 4.9999999644212645E+000
 1.6629000000000013E-001, 1.6629000000000013E-001, 4.9999999640524999E+000
 1.6729000000000013E-001, 1.6729000000000013E-001, 4.9999999636700476E+000
 1.6829000000000013E-001, 1.6829000000000013E-001, 4.9999999632733694E+000
 1.6929000000000013E-001, 1.6929000000000013E-001, 4.9999999628594631E+000
 1.7029000000000014E-001, 1.7029000000000014E-001, 4.9999999624301870E+000
 1.7129000000000014E-001, 1.7129000000000014E-001, 4.9999999619849351E+000
 1.7229000000000014E-001, 1.7229000000000014E-001, 4.9999999615181938E+000
 1.7329000000000014E-001, 1.7329000000000014E-001, 4.9999999610366359E+000
 1.7429000000000014E-001, 1.7429000000000014E-001, 4.9999999605346970E+000
 1.7529000000000014E-001, 1.7529000000000014E-001, 4.9999999600116674E+000
 1.7629000000000014E-001, 1.7629000000000014E-001, 4.9999999594692577E+000
 1.7729000000000014E-001, 1.7729000000000014E-001, 4.9999999589042616E+000
 1.7829000000000014E-001, 1.7829000000000014E-001, 4.9999999583183268E+000
 1.7929000000000014E-001, 1.7929000000000014E-001, 4.9999999577081873E+000
 1.8029000000000014E-001, 1.8029000000000014E-001, 4.9999999570754250E+000
 1.8129000000000015E-001, 1.8129000000000015E-001, 4.9999999564167075E+000
 1.8229000000000015E-001, 1.8229000000000015E-001, 4.9999999557311101E+000
 1.8329000000000015E-001, 1.8329000000000015E-001, 4.9999999550176657E+000
 1.8429000000000015E-001, 1.8429000000000015E-001, 4.9999999542778184E+000
 1.8529000000000015E-001, 1.8529000000000015E-001, 4.9999999535080866E+000
 1.8629000000000015E-001, 1.8629000000000015E-001, 4.9999999527073866E+000
 1.8729000000000015E-001, 1.8729000000000015E-001, 4.9999999518770375E+000
 1.8829000000000015E-001, 1.8829000000000015E-001, 4.9999999510109854E+000
 1.8929000000000015E-001, 1.8929000000000015E-001, 4.9999999501129002E+000
 1.9029000000000015E-001, 1.9029000000000015E-001, 4.9999999491790792E+000
 1.9129000000000015E-001, 1.9129000000000015E-001, 4.9999999482057653E+000
 1.9229000000000016E-001, 1.9229000000000016E-001, 4.9999999471964847E+000
 1.9329000000000016E-001, 1.9329000000000016E-001, 4.9999999461473728E+000
 1.9429000000000016E-001, 1.9429000000000016E-001, 4.9999999450545145E+000
 1.9529000000000016E-001, 1.9529000000000016E-001, 4.9999999439212655E+000
 1.9629000000000016E-001, 1.9629000000000016E-001, 4.9999999427411455E+000
 1.9729000000000016E-001, 1.9729000000000016E-001, 4.9999999415149459E+000
 1.9829000000000016E-001, 1.9829000000000016E-001, 4.9999999402409445E+000
 1.9929000000000016E-001, 1.9929000000000016E-001, 4.9999999389173571E+000
 2.0029000000000016E-001, 2.0029000000000016E-001, 4.9999999375398811E+000
 2.0129000000000016E-001, 2.0129000000000016E-001, 4.9999999361090284E+000
 2.0229000000000016E-001, 2.0229000000000016E-001, 4.9999999346203499E+000
 2.0329000000000017E-001, 2.0329000000000017E-001, 4.9999999330741991E+000
 2.0429000000000017E-001, 2.0429000000000017E-001, 4.9999999314659691E+000
 2.0529000000000017E-001, 2.0529000000000017E-001, 4.9999999297958455E+000
 2.0629000000000017E-001, 2.0629000000000017E-001, 4.9999999280590455E+000
 2.0729000000000017E-001, 2.0729000000000017E-001, 4.9999999262531318E+000
 2.0829000000000017E-001, 2.0829000000000017E-001, 4.9999999243755751E+000
 2.0929000000000017E-001, 2.0929000000000017E-001, 4.9999999224237444E+000
 2.1029000000000017E-001, 2.1029000000000017E-001, 4.9999999203949033E+000
 2.1129000000000017E-001, 2.1129000000000017E-001, 4.9999999182886548E+000
 2.1229000000000017E-001, 2.1229000000000017E-001, 4.9999999160971598E+000
 2.1329000000000017E-001, 2.1329000000000017E-001, 4.9999999138197859E+000
 2.1429000000000017E-001, 2.1429000000000017E-001, 4.9999999114509048E+000
 2.1529000000000018E-001, 2.1529000000000018E-001, 4.9999999089896381E+000
 2.1629000000000018E-001, 2.1629000000000018E-001, 4.9999999064325396E+000
 2.1729000000000018E-001, 2.1729000000000018E-001, 4.9999999037711387E+000
 2.1829000000000018E-001, 2.1829000000000018E-001, 4.9999999010090379E+000
 2.1929000000000018E-001, 2.1929000000000018E-001, 4.9999998981350409E+000
 2.2029000000000018E-001, 2.2029000000000018E-001, 4.9999998951475604E+000
 2.2129000000000018E-001, 2.2129000000000018E-001, 4.9999998920448601E+000
 2.2229000000000018E-001, 2.2229000000000018E-001, 4.9999998888177064E+000
 2.2329000000000018E-001, 2.2329000000000018E-001, 4.9999998854640184E+000
 2.2429000000000018E-001, 2.2429000000000018E-001, 4.9999998819766605E+000
 2.2529000000000018E-001, 2.2529000000000018E-001, 4.9999998783531936E+000
 2.2629000000000019E-001, 2.2629000000000019E-001, 4.9999998745860967E+000
 2.2729000000000019E-001, 2.2729000000000019E-001, 4.9999998706700950E+000
 2.2829000000000019E-001, 2.2829000000000019E-001, 4.9999998665997074E+000
 2.2929000000000019E-001, 2.2929000000000019E-001, 4.9999998623692363E+000
 2.3029000000000019E-001, 2.3029000000000019E-001, 4.9999998579727558E+000
 2.3129000000000019E-001, 2.3129000000000019E-001, 4.9999998534016692E+000
 2.3229000000000019E-001, 2.3229000000000019E-001, 4.9999998486520161E+000
 2.3329000000000019E-001, 2.3329000000000019E-001, 4.9999998437122617E+000
 2.3429000000000019E-001, 2.3429000000000019E-001, 4.9999998385803783E+000
 2.3529000000000019E-001, 2.3529000000000019E-001, 4.9999998332442921E+000
 2.3629000000000019E-001, 2.3629000000000019E-001, 4.9999998276989785E+000
 2.3729000000000020E-001, 2.3729000000000020E-001, 4.9999998219342316E+000
 2.3829000000000020E-001, 2.3829000000000020E-001, 4.9999998159444212E+000
 2.3929000000000020E-001, 2.3929000000000020E-001, 4.9999998097162779E+000
 2.4029000000000020E-001, 2.4029000000000020E-001, 4.9999998032410824E+000
 2.4129000000000020E-001, 2.4129000000000020E-001, 4.9999997965146576E+000
 2.4229000000000020E-001, 2.4229000000000020E-001, 4.9999997895202570E+000
 2.4329000000000020E-001, 2.4329000000000020E-001, 4.9999997822505353E+000
 2.4429000000000020E-001, 2.4429000000000020E-001, 4.9999997746928697E+000
 2.4529000000000020E-001, 2.4529000000000020E-001, 4.9999997668391307E+000
 2.4629000000000020E-001, 2.4629000000000020E-001, 4.9999997586758811E+000
 2.4729000000000020E-001, 2.4729000000000020E-001, 4.9999997501892484E+000
 2.4829000000000020E-001, 2.4829000000000020E-001, 4.9999997413698019E+000
 2.4929000000000021E-001, 2.4929000000000021E-001, 4.9999997322027525E+000
 2.5029000000000018E-001, 2.5029000000000018E-001, 4.9999997226728263E+000
 2.5129000000000018E-001, 2.5129000000000018E-001, 4.9999997127691280E+000
 2.5229000000000018E-001, 2.5229000000000018E-001, 4.9999997024729099E+000
 2.5329000000000018E-001, 2.5329000000000018E-001, 4.9999996917722065E+000
 2.5429000000000018E-001, 2.5429000000000018E-001, 4.9999996806495970E+000
 2.5529000000000018E-001, 2.5529000000000018E-001, 4.9999996690870727E+000
 2.5629000000000018E-001, 2.5629000000000018E-001, 4.9999996570708953E+000
 2.5729000000000019E-001, 2.5729000000000019E-001, 4.9999996445793613E+000
 2.5829000000000019E-001, 2.5829000000000019E-001, 4.9999996315949904E+000
 2.5929000000000019E-001, 2.5929000000000019E-001, 4.9999996181020565E+000
 2.6029000000000019E-001, 2.6029000000000019E-001, 4.9999996040743442E+000
 2.6129000000000019E-001, 2.6129000000000019E-001, 4.9999995894946663E+000
 2.6229000000000019E-001, 2.6229000000000019E-001, 4.9999995743401762E+000
 2.6329000000000019E-001, 2.6329000000000019E-001, 4.9999995585872261E+000
 2.6429000000000019E-001, 2.6429000000000019E-001, 4.9999995422162140E+000
 2.6529000000000019E-001, 2.6529000000000019E-001, 4.9999995251969009E+000
 2.6629000000000019E-001, 2.6629000000000019E-001, 4.9999995075079129E+000
 2.6729000000000019E-001, 2.6729000000000019E-001, 4.9999994891220556E+000
 2.6829000000000019E-001, 2.6829000000000019E-001, 4.9999994700111561E+000
 2.6929000000000020E-001, 2.6929000000000020E-001, 4.9999994501484766E+000
 2.7029000000000020E-001, 2.7029000000000020E-001, 4.9999994295013304E+000
 2.7129000000000020E-001, 2.7129000000000020E-001, 4.9999994080408268E+000
 2.7229000000000020E-001, 2.7229000000000020E-001, 4.9999993857344949E+000
 2.7329000000000020E-001, 2.7329000000000020E-001, 4.9999993625486772E+000
 2.7429000000000020E-001, 2.7429000000000020E-001, 4.9999993384509276E+000
 2.7529000000000020E-001, 2.7529000000000020E-001, 4.9999993134002025E+000
 2.7629000000000020E-001, 2.7629000000000020E-001, 4.9999992873638872E+000
 2.7729000000000020E-001, 2.7729000000000020E-001, 4.9999992603006689E+000
 2.7829000000000020E-001, 2.7829000000000020E-001, 4.9999992321726756E+000
 2.7929000000000020E-001, 2.7929000000000020E-001, 4.9999992029356646E+000
 2.8029000000000021E-001, 2.8029000000000021E-001, 4.9999991725438386E+000
 2.8129000000000021E-001, 2.8129000000000021E-001, 4.9999991409571161E+000
 2.8229000000000021E-001, 2.8229000000000021E-001, 4.9999991081239719E+000
 2.8329000000000021E-001, 2.8329000000000021E-001, 4.9999990739984659E+000
 2.8429000000000021E-001, 2.8429000000000021E-001, 4.9999990385255151E+000
 2.8529000000000021E-001, 2.8529000000000021E-001, 4.9999990016579332E+000
 2.8629000000000021E-001, 2.8629000000000021E-001, 4.9999989633343578E+000
 2.8729000000000021E-001, 2.8729000000000021E-001, 4.9999989235011704E+000
 2.8829000000000021E-001, 2.8829000000000021E-001, 4.9999988820977492E+000
 2.8929000000000021E-001, 2.8929000000000021E-001, 4.9999988390637213E+000
 2.9029000000000021E-001, 2.9029000000000021E-001, 4.9999987943339868E+000
 2.9129000000000022E-001, 2.9129000000000022E-001, 4.9999987478410741E+000
 2.9229000000000022E-001, 2.9229000000000022E-001, 4.9999986995150438E+000
 2.9329000000000022E-001, 2.9329000000000022E-001, 4.9999986492833974E+000
 2.9429000000000022E-001, 2.9429000000000022E-001, 4.9999985970758516E+000
 2.9529000000000022E-001, 2.9529000000000022E-001, 4.9999985428071421E+000
 2.9629000000000022E-001, 2.9629000000000022E-001, 4.9999984864013403E+000
 2.9729000000000022E-001, 2.9729000000000022E-001, 4.9999984277721969E+000
 2.9829000000000022E-001, 2.9829000000000022E-001, 4.9999983668327967E+000
 2.9929000000000022E-001, 2.9929000000000022E-001, 4.9999983034929869E+000
 3.0029000000000022E-001, 3.0029000000000022E-001, 4.9999982376543786E+000
 3.0129000000000022E-001, 3.0129000000000022E-001, 4.9999981692224065E+000
 3.0229000000000023E-001, 3.0229000000000023E-001, 4.9999980980940011E+000
 3.0329000000000023E-001, 3.0329000000000023E-001, 4.9999980241623128E+000
 3.0429000000000023E-001, 3.0429000000000023E-001, 4.9999979473165750E+000
 3.0529000000000023E-001, 3.0529000000000023E-001, 4.9999978674443817E+000
 3.0629000000000023E-001, 3.0629000000000023E-001, 4.9999977844217698E+000
 3.0729000000000023E-001, 3.0729000000000023E-001, 4.9999976981276930E+000
 3.0829000000000023E-001, 3.0829000000000023E-001, 4.9999976084340894E+000
 3.0929000000000023E-001, 3.0929000000000023E-001, 4.9999975152056946E+000
 3.1029000000000023E-001, 3.1029000000000023E-001, 4.9999974183023017E+000
 3.1129000000000023E-001, 3.1129000000000023E-001, 4.9999973175810002E+000
 3.1229000000000023E-001, 3.1229000000000023E-001, 4.9999972128911017E+000
 3.1329000000000023E-001, 3.1329000000000023E-001, 4.9999971040739188E+000
 3.1429000000000024E-001, 3.1429000000000024E-001, 4.9999969909674347E+000
 3.1529000000000024E-001, 3.1529000000000024E-001, 4.9999968734060731E+000
 3.1629000000000024E-001, 3.1629000000000024E-001, 4.9999967512106984E+000
 3.1729000000000024E-001, 3.1729000000000024E-001, 4.9999966242005751E+000
 3.1829000000000024E-001, 3.1829000000000024E-001, 4.9999964921833477E+000
 3.1929000000000024E-001, 3.1929000000000024E-001, 4.9999963549645452E+000
 3.2029000000000024E-001, 3.2029000000000024E-001, 4.9999962123399690E+000
 3.2129000000000024E-001, 3.2129000000000024E-001, 4.9999960640929739E+000
 3.2229000000000024E-001, 3.2229000000000024E-001, 4.9999959100039382E+000
 3.2329000000000024E-001, 3.2329000000000024E-001, 4.9999957498426220E+000
 3.2429000000000024E-001, 3.2429000000000024E-001, 4.9999955833678458E+000
 3.2529000000000025E-001, 3.2529000000000025E-001, 4.9999954103344910E+000
 3.2629000000000025E-001, 3.2629000000000025E-001, 4.9999952304833686E+000
 3.2729000000000025E-001, 3.2729000000000025E-001, 4.9999950435433114E+000
 3.2829000000000025E-001, 3.2829000000000025E-001, 4.9999948492356765E+000
 3.2929000000000025E-001, 3.2929000000000025E-001, 4.9999946472715191E+000
 3.3029000000000025E-001, 3.3029000000000025E-001, 4.9999944373487324E+000
 3.3129000000000025E-001, 3.3129000000000025E-001, 4.9999942191540816E+000
 3.3229000000000025E-001, 3.3229000000000025E-001, 4.9999939923578669E+000
 3.3329000000000025E-001, 3.3329000000000025E-001, 4.9999937566256918E+000
 3.3429000000000025E-001, 3.3429000000000025E-001, 4.9999935116057692E+000
 3.3529000000000025E-001, 3.3529000000000025E-001, 4.9999932569259853E+000
 3.3629000000000026E-001, 3.3629000000000026E-001, 4.9999929922129347E+000
 3.3729000000000026E-001, 3.3729000000000026E-001, 4.9999927170669531E+000
 3.3829000000000026E-001, 3.3829000000000026E-001, 4.9999924310786739E+000
 3.3929000000000026E-001, 3.3929000000000026E-001, 4.9999921338186715E+000
 3.4029000000000026E-001, 3.4029000000000026E-001, 4.9999918248466386E+000
 3.4129000000000026E-001, 3.4129000000000026E-001, 4.9999915036985545E+000
 3.4229000000000026E-001, 3.4229000000000026E-001, 4.9999911698933586E+000
 3.4329000000000026E-001, 3.4329000000000026E-001, 4.9999908229322907E+000
 3.4429000000000026E-001, 3.4429000000000026E-001, 4.9999904623006293E+000
 3.4529000000000026E-001, 3.4529000000000026E-001, 4.9999900874571921E+000
 3.4629000000000026E-001, 3.4629000000000026E-001, 4.9999896978409213E+000
 3.4729000000000027E-001, 3.4729000000000027E-001, 4.9999892928725291E+000
 3.4829000000000027E-001, 3.4829000000000027E-001, 4.9999888719414836E+000
 3.4929000000000027E-001, 3.4929000000000027E-001, 4.9999884344271370E+000
 3.5029000000000027E-001, 3.5029000000000027E-001, 4.9999879796685347E+000
 3.5129000000000027E-001, 3.5129000000000027E-001, 4.9999875069903759E+000
 3.5229000000000027E-001, 3.5229000000000027E-001, 4.9999870156825148E+000
 3.5329000000000027E-001, 3.5329000000000027E-001, 4.9999865050160759E+000
 3.5429000000000027E-001, 3.5429000000000027E-001, 4.9999859742253268E+000
 3.5529000000000027E-001, 3.5529000000000027E-001, 4.9999854225163842E+000
 3.5629000000000027E-001, 3.5629000000000027E-001, 4.9999848490660961E+000
 3.5729000000000027E-001, 3.5729000000000027E-001, 4.9999842530160157E+000
 3.5829000000000027E-001, 3.5829000000000027E-001, 4.9999836334785188E+000
 3.5929000000000028E-001, 3.5929000000000028E-001, 4.9999829895257974E+000
 3.6029000000000028E-001, 3.6029000000000028E-001, 4.9999823201983276E+000
 3.6129000000000028E-001, 3.6129000000000028E-001, 4.9999816244937598E+000
 3.6229000000000028E-001, 3.6229000000000028E-001, 4.9999809013728393E+000
 3.6329000000000028E-001, 3.6329000000000028E-001, 4.9999801497530783E+000
 3.6429000000000028E-001, 3.6429000000000028E-001, 4.9999793685170024E+000
 3.6529000000000028E-001, 3.6529000000000028E-001, 4.9999785564934900E+000
 3.6629000000000028E-001, 3.6629000000000028E-001, 4.9999777124683531E+000
 3.6729000000000028E-001, 3.6729000000000028E-001, 4.9999768351850724E+000
 3.6829000000000028E-001, 3.6829000000000028E-001, 4.9999759233283925E+000
 3.6929000000000028E-001, 3.6929000000000028E-001, 4.9999749755371301E+000
 3.7029000000000029E-001, 3.7029000000000029E-001, 4.9999739903973950E+000
 3.7129000000000029E-001, 3.7129000000000029E-001, 4.9999729664357107E+000
 3.7229000000000029E-001, 3.7229000000000029E-001, 4.9999719021218558E+000
 3.7329000000000029E-001, 3.7329000000000029E-001, 4.9999707958667097E+000
 3.7429000000000029E-001, 3.7429000000000029E-001, 4.9999696460151499E+000
 3.7529000000000029E-001, 3.7529000000000029E-001, 4.9999684508510720E+000
 3.7629000000000029E-001, 3.7629000000000029E-001, 4.9999672085900899E+000
 3.7729000000000029E-001, 3.7729000000000029E-001, 4.9999659173721618E+000
 3.7829000000000029E-001, 3.7829000000000029E-001, 4.9999645752736450E+000
 3.7929000000000029E-001, 3.7929000000000029E-001, 4.9999631802850617E+000
 3.8029000000000029E-001, 3.8029000000000029E-001, 4.9999617303229416E+000
 3.8129000000000030E-001, 3.8129000000000030E-001, 4.9999602232220255E+000
 3.8229000000000030E-001, 3.8229000000000030E-001, 4.9999586567297953E+000
 3.8329000000000030E-001, 3.8329000000000030E-001, 4.9999570285081996E+000
 3.8429000000000030E-001, 3.8429000000000030E-001, 4.9999553361206246E+000
 3.8529000000000030E-001, 3.8529000000000030E-001, 4.9999535770406869E+000
 3.8629000000000030E-001, 3.8629000000000030E-001, 4.9999517486389395E+000
 3.8729000000000030E-001, 3.8729000000000030E-001, 4.9999498481865148E+000
 3.8829000000000030E-001, 3.8829000000000030E-001, 4.9999478728415365E+000
 3.8929000000000030E-001, 3.8929000000000030E-001, 4.9999458196524786E+000
 3.9029000000000030E-001, 3.9029000000000030E-001, 4.9999436855540251E+000
 3.9129000000000030E-001, 3.9129000000000030E-001, 4.9999414673554643E+000
 3.9229000000000031E-001, 3.9229000000000031E-001, 4.9999391617435531E+000
 3.9329000000000031E-001, 3.9329000000000031E-001, 4.9999367652729907E+000
 3.9429000000000031E-001, 3.9429000000000031E-001, 4.9999342743640431E+000
 3.9529000000000031E-001, 3.9529000000000031E-001, 4.9999316852950999E+000
 3.9629000000000031E-001, 3.9629000000000031E-001, 4.9999289941974583E+000
 3.9729000000000031E-001, 3.9729000000000031E-001, 4.9999261970523641E+000
 3.9829000000000031E-001, 3.9829000000000031E-001, 4.9999232896780494E+000
 3.9929000000000031E-001, 3.9929000000000031E-001, 4.9999202677336676E+000
 4.0029000000000031E-001, 4.0029000000000031E-001, 4.9999171267009945E+000
 4.0129000000000031E-001, 4.0129000000000031E-001, 4.9999138618878920E+000
 4.0229000000000031E-001, 4.0229000000000031E-001, 4.9999104684168456E+000
 4.0329000000000031E-001, 4.0329000000000031E-001, 4.9999069412206074E+000
 4.0429000000000032E-001, 4.0429000000000032E-001, 4.9999032750253027E+000
 4.0529000000000032E-001, 4.0529000000000032E-001, 4.9998994643552921E+000
 4.0629000000000032E-001, 4.0629000000000032E-001, 4.9998955035181831E+000
 4.0729000000000032E-001, 4.0729000000000032E-001, 4.9998913865968531E+000
 4.0829000000000032E-001, 4.0829000000000032E-001, 4.9998871074362921E+000
 4.0929000000000032E-001, 4.0929000000000032E-001, 4.9998826596472163E+000
 4.1029000000000032E-001, 4.1029000000000032E-001, 4.9998780365800251E+000
 4.1129000000000032E-001, 4.1129000000000032E-001, 4.9998732313350418E+000
 4.1229000000000032E-001, 4.1229000000000032E-001, 4.9998682367259866E+000
 4.1329000000000032E-001, 4.1329000000000032E-001, 4.9998630452943624E+000
 4.1429000000000032E-001, 4.1429000000000032E-001, 4.9998576492819176E+000
 4.1529000000000033E-001, 4.1529000000000033E-001, 4.9998520406271201E+000
 4.1629000000000033E-001, 4.1629000000000033E-001, 4.9998462109538888E+000
 4.1729000000000033E-001, 4.1729000000000033E-001, 4.9998401515476516E+000
 4.1829000000000033E-001, 4.1829000000000033E-001, 4.9998338533578233E+000
 4.1929000000000033E-001, 4.1929000000000033E-001, 4.9998273069753720E+000
 4.2029000000000033E-001, 4.2029000000000033E-001, 4.9998205026172107E+000
 4.2129000000000033E-001, 4.2129000000000033E-001, 4.9998134301222921E+000
 4.2229000000000033E-001, 4.2229000000000033E-001, 4.9998060789178451E+000
 4.2329000000000033E-001, 4.2329000000000033E-001, 4.9997984380241380E+000
 4.2429000000000033E-001, 4.2429000000000033E-001, 4.9997904960244606E+000
 4.2529000000000033E-001, 4.2529000000000033E-001, 4.9997822410564812E+000
 4.2629000000000034E-001, 4.2629000000000034E-001, 4.9997736607834424E+000
 4.2729000000000034E-001, 4.2729000000000034E-001, 4.9997647423866782E+000
 4.2829000000000034E-001, 4.2829000000000034E-001, 4.9997554725427973E+000
 4.2929000000000034E-001, 4.2929000000000034E-001, 4.9997458374026102E+000
 4.3029000000000034E-001, 4.3029000000000034E-001, 4.9997358225717505E+000
 4.3129000000000034E-001, 4.3129000000000034E-001, 4.9997254130856623E+000
 4.3229000000000034E-001, 4.3229000000000034E-001, 4.9997145933959963E+000
 4.3329000000000034E-001, 4.3329000000000034E-001, 4.9997033473342043E+000
 4.3429000000000034E-001, 4.3429000000000034E-001, 4.9996916580987012E+000
 4.3529000000000034E-001, 4.3529000000000034E-001, 4.9996795082289278E+000
 4.3629000000000034E-001, 4.3629000000000034E-001, 4.9996668795711434E+000
 4.3729000000000035E-001, 4.3729000000000035E-001, 4.9996537532554903E+000
 4.3829000000000035E-001, 4.3829000000000035E-001, 4.9996401096769301E+000
 4.3929000000000035E-001, 4.3929000000000035E-001, 4.9996259284482800E+000
 4.4029000000000035E-001, 4.4029000000000035E-001, 4.9996111883814729E+000
 4.4129000000000035E-001, 4.4129000000000035E-001, 4.9995958674603607E+000
 4.4229000000000035E-001, 4.4229000000000035E-001, 4.9995799427903922E+000
 4.4329000000000035E-001, 4.4329000000000035E-001, 4.9995633905836856E+000
 4.4429000000000035E-001, 4.4429000000000035E-001, 4.9995461861086650E+000
 4.4529000000000035E-001, 4.4529000000000035E-001, 4.9995283036652429E+000
 4.4629000000000035E-001, 4.4629000000000035E-001, 4.9995097165342237E+000
 4.4729000000000035E-001, 4.4729000000000035E-001, 4.9994903969497066E+000
 4.4829000000000035E-001, 4.4829000000000035E-001, 4.9994703160480451E+000
 4.4929000000000036E-001, 4.4929000000000036E-001, 4.9994494438299188E+000
 4.5029000000000036E-001, 4.5029000000000036E-001, 4.9994277491110646E+000
 4.5129000000000036E-001, 4.5129000000000036E-001, 4.9994051994835411E+000
 4.5229000000000036E-001, 4.5229000000000036E-001, 4.9993817612557585E+000
 4.5329000000000036E-001, 4.5329000000000036E-001, 4.9993573994151408E+000
 4.5429000000000036E-001, 4.5429000000000036E-001, 4.9993320775669456E+000
 4.5529000000000036E-001, 4.5529000000000036E-001, 4.9993057578784832E+000
 4.5629000000000036E-001, 4.5629000000000036E-001, 4.9992784010335551E+000
 4.5729000000000036E-001, 4.5729000000000036E-001, 4.9992499661603649E+000
 4.5829000000000036E-001, 4.5829000000000036E-001, 4.9992204107792633E+000
 4.5929000000000036E-001, 4.5929000000000036E-001, 4.9991896907409084E+000
 4.6029000000000037E-001, 4.6029000000000037E-001, 4.9991577601498669E+000
 4.6129000000000037E-001, 4.6129000000000037E-001, 4.9991245713028976E+000
 4.6229000000000037E-001, 4.6229000000000037E-001, 4.9990900746246938E+000
 4.6329000000000037E-001, 4.6329000000000037E-001, 4.9990542185741349E+000
 4.6429000000000037E-001, 4.6429000000000037E-001, 4.9990169495942185E+000
 4.6529000000000037E-001, 4.6529000000000037E-001, 4.9989782120029771E+000
 4.6629000000000037E-001, 4.6629000000000037E-001, 4.9989379479351763E+000
 4.6729000000000037E-001, 4.6729000000000037E-001, 4.9988960972394310E+000
 4.6829000000000037E-001, 4.6829000000000037E-001, 4.9988525974014468E+000
 4.6929000000000037E-001, 4.6929000000000037E-001, 4.9988073834346283E+000
 4.7029000000000037E-001, 4.7029000000000037E-001, 4.9987603877990132E+000
 4.7129000000000038E-001, 4.7129000000000038E-001, 4.9987115402921987E+000
 4.7229000000000038E-001, 4.7229000000000038E-001, 4.9986607679414323E+000
 4.7329000000000038E-001, 4.7329000000000038E-001, 4.9986079949064983E+000
 4.7429000000000038E-001, 4.7429000000000038E-001, 4.9985531423541651E+000
 4.7529000000000038E-001, 4.7529000000000038E-001, 4.9984961283431035E+000
 4.7629000000000038E-001, 4.7629000000000038E-001, 4.9984368677118098E+000
 4.7729000000000038E-001, 4.7729000000000038E-001, 4.9983752719375820E+000
 4.7829000000000038E-001, 4.7829000000000038E-001, 4.9983112490103654E+000
 4.7929000000000038E-001, 4.7929000000000038E-001, 4.9982447032968187E+000
 4.8029000000000038E-001, 4.8029000000000038E-001, 4.9981755353969053E+000
 4.8129000000000038E-001, 4.8129000000000038E-001, 4.9981036419927651E+000
 4.8229000000000039E-001, 4.8229000000000039E-001, 4.9980289156970006E+000
 4.8329000000000039E-001, 4.8329000000000039E-001, 4.9979512448904106E+000
 4.8429000000000039E-001, 4.8429000000000039E-001, 4.9978705135611339E+000
 4.8529000000000039E-001, 4.8529000000000039E-001, 4.9977866011230061E+000
 4.8629000000000039E-001, 4.8629000000000039E-001, 4.9976993822397464E+000
 4.8729000000000039E-001, 4.8729000000000039E-001, 4.9976087266425218E+000
 4.8829000000000039E-001, 4.8829000000000039E-001, 4.9975144989235201E+000
 4.8929000000000039E-001, 4.8929000000000039E-001, 4.9974165583467860E+000
 4.9029000000000039E-001, 4.9029000000000039E-001, 4.9973147586296340E+000
 4.9129000000000039E-001, 4.9129000000000039E-001, 4.9972089477309884E+000
 4.9229000000000039E-001, 4.9229000000000039E-001, 4.9970989676194622E+000
 4.9329000000000039E-001, 4.9329000000000039E-001, 4.9969846540355443E+000
 4.9429000000000040E-001, 4.9429000000000040E-001, 4.9968658362572942E+000
 4.9529000000000040E-001, 4.9529000000000040E-001, 4.9967423368277277E+000
 4.9629000000000040E-001, 4.9629000000000040E-001, 4.9966139713118931E+000
 4.9729000000000040E-001, 4.9729000000000040E-001, 4.9964805480051275E+000
 4.9829000000000040E-001, 4.9829000000000040E-001, 4.9963418676531752E+000
 4.9929000000000040E-001, 4.9929000000000040E-001, 4.9961977231568966E+000
 5.0029000000000035E-001, 5.0029000000000035E-001, 4.9960478992562676E+000
 5.0129000000000035E-001, 5.0129000000000035E-001, 4.9958921722176726E+000
 5.0229000000000035E-001, 5.0229000000000035E-001, 4.9957303094971781E+000
 5.0329000000000035E-001, 5.0329000000000035E-001, 4.9955620693890905E+000
 5.0429000000000035E-001, 5.0429000000000035E-001, 4.9953872006788522E+000
 5.0529000000000035E-001, 5.0529000000000035E-001, 4.9952054422485128E+000
 5.0629000000000035E-001, 5.0629000000000035E-001, 4.9950165227074699E+000
 5.0729000000000035E-001, 5.0729000000000035E-001, 4.9948201599723072E+000
 5.0829000000000035E-001, 5.0829000000000035E-001, 4.9946160608610279E+000
 5.0929000000000035E-001, 5.0929000000000035E-001, 4.9944039206401243E+000
 5.1029000000000035E-001, 5.1029000000000035E-001, 4.9941834225824264E+000
 5.1129000000000036E-001, 5.1129000000000036E-001, 4.9939542374936217E+000
 5.1229000000000036E-001, 5.1229000000000036E-001, 4.9937160232141125E+000
 5.1329000000000036E-001, 5.1329000000000036E-001, 4.9934684241223994E+000
 5.1429000000000036E-001, 5.1429000000000036E-001, 4.9932110705904256E+000
 5.1529000000000036E-001, 5.1529000000000036E-001, 4.9929435784439082E+000
 5.1629000000000036E-001, 5.1629000000000036E-001, 4.9926655483877935E+000
 5.1729000000000036E-001, 5.1729000000000036E-001, 4.9923765654107166E+000
 5.1829000000000036E-001, 5.1829000000000036E-001, 4.9920761981676582E+000
 5.1929000000000036E-001, 5.1929000000000036E-001, 4.9917639983350197E+000
 5.2029000000000036E-001, 5.2029000000000036E-001, 4.9914394999494940E+000
 5.2129000000000036E-001, 5.2129000000000036E-001, 4.9911022187078107E+000
 5.2229000000000037E-001, 5.2229000000000037E-001, 4.9907516512556853E+000
 5.2329000000000037E-001, 5.2329000000000037E-001, 4.9903872744259754E+000
 5.2429000000000037E-001, 5.2429000000000037E-001, 4.9900085444737741E+000
 5.2529000000000037E-001, 5.2529000000000037E-001, 4.9896148962586011E+000
 5.2629000000000037E-001, 5.2629000000000037E-001, 4.9892057424067326E+000
 5.2729000000000037E-001, 5.2729000000000037E-001, 4.9887804724427536E+000
 5.2829000000000037E-001, 5.2829000000000037E-001, 4.9883384518769542E+000
 5.2929000000000037E-001, 5.2929000000000037E-001, 4.9878790212595172E+000
 5.3029000000000037E-001, 5.3029000000000037E-001, 4.9874014952123984E+000
 5.3129000000000037E-001, 5.3129000000000037E-001, 4.9869051614009940E+000
 5.3229000000000037E-001, 5.3229000000000037E-001, 4.9863892794807718E+000
 5.3329000000000037E-001, 5.3329000000000037E-001, 4.9858530799954908E+000
 5.3429000000000038E-001, 5.3429000000000038E-001, 4.9852957632401367E+000
 5.3529000000000038E-001, 5.3529000000000038E-001, 4.9847164980723884E+000
 5.3629000000000038E-001, 5.3629000000000038E-001, 4.9841144206758914E+000
 5.3729000000000038E-001, 5.3729000000000038E-001, 4.9834886332858437E+000
 5.3829000000000038E-001, 5.3829000000000038E-001, 4.9828382028483622E+000
 5.3929000000000038E-001, 5.3929000000000038E-001, 4.9821621596507875E+000
 5.4029000000000038E-001, 5.4029000000000038E-001, 4.9814594958772398E+000
 5.4129000000000038E-001, 5.4129000000000038E-001, 4.9807291641142655E+000
 5.4229000000000038E-001, 5.4229000000000038E-001, 4.9799700758069951E+000
 5.4329000000000038E-001, 5.4329000000000038E-001, 4.9791810996393897E+000
 5.4429000000000038E-001, 5.4429000000000038E-001, 4.9783610598680390E+000
 5.4529000000000039E-001, 5.4529000000000039E-001, 4.9775087345829423E+000
 5.4629000000000039E-001, 5.4629000000000039E-001, 4.9766228538953738E+000
 5.4729000000000039E-001, 5.4729000000000039E-001, 4.9757020980674564E+000
 5.4829000000000039E-001, 5.4829000000000039E-001, 4.9747450955565853E+000
 5.4929000000000039E-001, 5.4929000000000039E-001, 4.9737504210013368E+000
 5.5029000000000039E-001, 5.5029000000000039E-001, 4.9727165931023478E+000
 5.5129000000000039E-001, 5.5129000000000039E-001, 4.9716420724562020E+000
 5.5229000000000039E-001, 5.5229000000000039E-001, 4.9705252592664939E+000
 5.5329000000000039E-001, 5.5329000000000039E-001, 4.9693644910043879E+000
 5.5429000000000039E-001, 5.5429000000000039E-001, 4.9681580399499925E+000
 5.5529000000000039E-001, 5.5529000000000039E-001, 4.9669041106477652E+000
 5.5629000000000040E-001, 5.5629000000000040E-001, 4.9656008372750344E+000
 5.5729000000000040E-001, 5.5729000000000040E-001, 4.9642462808934580E+000
 5.5829000000000040E-001, 5.5829000000000040E-001, 4.9628384265993271E+000
 5.5929000000000040E-001, 5.5929000000000040E-001, 4.9613751805640618E+000
 5.6029000000000040E-001, 5.6029000000000040E-001, 4.9598543669732713E+000
 5.6129000000000040E-001, 5.6129000000000040E-001, 4.9582737248239956E+000
 5.6229000000000040E-001, 5.6229000000000040E-001, 4.9566309046196544E+000
 5.6329000000000040E-001, 5.6329000000000040E-001, 4.9549234649245593E+000
 5.6429000000000040E-001, 5.6429000000000040E-001, 4.9531488688025860E+000
 5.6529000000000040E-001, 5.6529000000000040E-001, 4.9513044801040467E+000
 5.6629000000000040E-001, 5.6629000000000040E-001, 4.9493875596129628E+000
 5.6729000000000041E-001, 5.6729000000000041E-001, 4.9473952610595573E+000
 5.6829000000000041E-001, 5.6829000000000041E-001, 4.9453246269638917E+000
 5.6929000000000041E-001, 5.6929000000000041E-001, 4.9431725843344880E+000
 5.7029000000000041E-001, 5.7029000000000041E-001, 4.9409359401971997E+000
 5.7129000000000041E-001, 5.7129000000000041E-001, 4.9386113769560342E+000
 5.7229000000000041E-001, 5.7229000000000041E-001, 4.9361954475826018E+000
 5.7329000000000041E-001, 5.7329000000000041E-001, 4.9336845706017458E+000
 5.7429000000000041E-001, 5.7429000000000041E-001, 4.9310750249347333E+000
 5.7529000000000041E-001, 5.7529000000000041E-001, 4.9283629444852561E+000
 5.7629000000000041E-001, 5.7629000000000041E-001, 4.9255443125821916E+000
 5.7729000000000041E-001, 5.7729000000000041E-001, 4.9226149561688546E+000
 5.7829000000000041E-001, 5.7829000000000041E-001, 4.9195705398040408E+000
 5.7929000000000042E-001, 5.7929000000000042E-001, 4.9164065594124269E+000
 5.8029000000000042E-001, 5.8029000000000042E-001, 4.9131183358322250E+000
 5.8129000000000042E-001, 5.8129000000000042E-001, 4.9097010080901535E+000
 5.8229000000000042E-001, 5.8229000000000042E-001, 4.9061495264606547E+000
 5.8329000000000042E-001, 5.8329000000000042E-001, 4.9024586452247396E+000
 5.8429000000000042E-001, 5.8429000000000042E-001, 4.8986229152159604E+000
 5.8529000000000042E-001, 5.8529000000000042E-001, 4.8946366760326265E+000
 5.8629000000000042E-001, 5.8629000000000042E-001, 4.8904940480151771E+000
 5.8729000000000042E-001, 5.8729000000000042E-001, 4.8861889238937737E+000
 5.8829000000000042E-001, 5.8829000000000042E-001, 4.8817149601471348E+000
 5.8929000000000042E-001, 5.8929000000000042E-001, 4.8770655680441468E+000
 5.9029000000000043E-001, 5.9029000000000043E-001, 4.8722339043633873E+000
 5.9129000000000043E-001, 5.9129000000000043E-001, 4.8672128617570198E+000
 5.9229000000000043E-001, 5.9229000000000043E-001, 4.8619950588012690E+000
 5.9329000000000043E-001, 5.9329000000000043E-001, 4.8565728296590391E+000
 5.9429000000000043E-001, 5.9429000000000043E-001, 4.8509382133846408E+000
 5.9529000000000043E-001, 5.9529000000000043E-001, 4.8450829428550861E+000
 5.9629000000000043E-001, 5.9629000000000043E-001, 4.8389984332934270E+000
 5.9729000000000043E-001, 5.9729000000000043E-001, 4.8326757703896410E+000
 5.9829000000000043E-001, 5.9829000000000043E-001, 4.8261056980242687E+000
 5.9929000000000043E-001, 5.9929000000000043E-001, 4.8192786055290968E+000
 6.0029000000000043E-001, 6.0029000000000043E-001, 4.8121845145299016E+000
 6.0129000000000044E-001, 6.0129000000000044E-001, 4.8048130653288661E+000
 6.0229000000000044E-001, 6.0229000000000044E-001, 4.7971535028100725E+000
 6.0329000000000044E-001, 6.0329000000000044E-001, 4.7891946618679304E+000
 6.0429000000000044E-001, 6.0429000000000044E-001, 4.7809249523510609E+000
 6.0529000000000044E-001, 6.0529000000000044E-001, 4.7723323434768075E+000
 6.0629000000000044E-001, 6.0629000000000044E-001, 4.7634043477346877E+000
 6.0729000000000044E-001, 6.0729000000000044E-001, 4.7541280042688161E+000
 6.0829000000000044E-001, 6.0829000000000044E-001, 4.7444898616807372E+000
 6.0929000000000044E-001, 6.0929000000000044E-001, 4.7344759602918263E+000
 6.1029000000000044E-001, 6.1029000000000044E-001, 4.7240718138277256E+000
 6.1129000000000044E-001, 6.1129000000000044E-001, 4.7132623905084978E+000
 6.1229000000000045E-001, 6.1229000000000045E-001, 4.7020320935376052E+000
 6.1329000000000045E-001, 6.1329000000000045E-001, 4.6903647409716838E+000
 6.1429000000000045E-001, 6.1429000000000045E-001, 4.6782435449784119E+000
 6.1529000000000045E-001, 6.1529000000000045E-001, 4.6656510904376720E+000
 6.1629000000000045E-001, 6.1629000000000045E-001, 4.6525693128989296E+000
 6.1729000000000045E-001, 6.1729000000000045E-001, 4.6389794758739900E+000
 6.1829000000000045E-001, 6.1829000000000045E-001, 4.6248621474562892E+000
 6.1929000000000045E-001, 6.1929000000000045E-001, 4.6101971762677660E+000
 6.2029000000000045E-001, 6.2029000000000045E-001, 4.5949636666877360E+000
 6.2129000000000045E-001, 6.2129000000000045E-001, 4.5791399534162158E+000
 6.2229000000000045E-001, 6.2229000000000045E-001, 4.5627035752967782E+000
 6.2329000000000045E-001, 6.2329000000000045E-001, 4.5456312484556358E+000
 6.2429000000000046E-001, 6.2429000000000046E-001, 4.5278988386941839E+000
 6.2529000000000046E-001, 6.2529000000000046E-001, 4.5094813331872245E+000
 6.2629000000000046E-001, 6.2629000000000046E-001, 4.4903528114411726E+000
 6.2729000000000046E-001, 6.2729000000000046E-001, 4.4704864155432231E+000
 6.2829000000000046E-001, 6.2829000000000046E-001, 4.4498543196756364E+000
 6.2929000000000046E-001, 6.2929000000000046E-001, 4.4284276989301103E+000
 6.3029000000000046E-001, 6.3029000000000046E-001, 4.4061766974141632E+000
 6.3129000000000046E-001, 6.3129000000000046E-001, 4.3830703956462873E+000
 6.3229000000000046E-001, 6.3229000000000046E-001, 4.3590767772746046E+000
 6.3329000000000046E-001, 6.3329000000000046E-001, 4.3341626951386214E+000
 6.3429000000000046E-001, 6.3429000000000046E-001, 4.3082938366555901E+000
 6.3529000000000047E-001, 6.3529000000000047E-001, 4.2814346886035617E+000
 6.3629000000000047E-001, 6.3629000000000047E-001, 4.2535485012923235E+000
 6.3729000000000047E-001, 6.3729000000000047E-001, 4.2245972521752746E+000
 6.3829000000000047E-001, 6.3829000000000047E-001, 4.1945416089157623E+000
 6.3929000000000047E-001, 6.3929000000000047E-001, 4.1633408919869668E+000
 6.4029000000000047E-001, 6.4029000000000047E-001, 4.1309530368091361E+000
 6.4129000000000047E-001, 6.4129000000000047E-001, 4.0973345555102245E+000
 6.4229000000000047E-001, 6.4229000000000047E-001, 4.0624404983494422E+000
 6.4329000000000047E-001, 6.4329000000000047E-001, 4.0262244148835897E+000
 6.4429000000000047E-001, 6.4429000000000047E-001, 3.9886383149423885E+000
 6.4529000000000047E-001, 6.4529000000000047E-001, 3.9496326294957176E+000
 6.4629000000000048E-001, 6.4629000000000048E-001, 3.9091561715006451E+000
 6.4729000000000048E-001, 6.4729000000000048E-001, 3.8671560968362675E+000
 6.4829000000000048E-001, 6.4829000000000048E-001, 3.8235778654184749E+000
 6.4929000000000048E-001, 6.4929000000000048E-001, 3.7783652026328718E+000
 6.5029000000000048E-001, 6.5029000000000048E-001, 3.7314600611842499E+000
 6.5129000000000048E-001, 6.5129000000000048E-001, 3.6828025835465534E+000
 6.5229000000000048E-001, 6.5229000000000048E-001, 3.6323310651115621E+000
 6.5329000000000048E-001, 6.5329000000000048E-001, 3.5799819182464834E+000
 6.5429000000000048E-001, 6.5429000000000048E-001, 3.5256896374053168E+000
 6.5529000000000048E-001, 6.5529000000000048E-001, 3.4693867655028026E+000
 6.5629000000000048E-001, 6.5629000000000048E-001, 3.4110038617286946E+000
 6.5729000000000048E-001, 6.5729000000000048E-001, 3.3504694710626186E+000
 6.5829000000000049E-001, 6.5829000000000049E-001, 3.2877100956692291E+000
 6.5929000000000049E-001, 6.5929000000000049E-001, 3.2226501684681321E+000
 6.6029000000000049E-001, 6.6029000000000049E-001, 3.1552120291134860E+000
 6.6129000000000049E-001, 6.6129000000000049E-001, 3.0853159026723129E+000
 6.6229000000000049E-001, 6.6229000000000049E-001, 3.0128798813030118E+000
 6.6329000000000049E-001, 6.6329000000000049E-001, 2.9378199092382355E+000
 6.6429000000000049E-001, 6.6429000000000049E-001, 2.8600497714102415E+000
 6.6529000000000049E-001, 6.6529000000000049E-001, 2.7794810860569994E+000
 6.6629000000000049E-001, 6.6629000000000049E-001, 2.6960233016921236E+000
 6.6729000000000049E-001, 6.6729000000000049E-001, 2.6095836987939593E+000
 6.6829000000000049E-001, 6.6829000000000049E-001, 2.5200673966352780E+000
 6.6929000000000050E-001, 6.6929000000000050E-001, 2.4273773656601243E+000
 6.7029000000000050E-001, 6.7029000000000050E-001, 2.3314144458322250E+000
 6.7129000000000050E-001, 6.7129000000000050E-001, 2.2320773714063598E+000
 6.7229000000000050E-001, 6.7229000000000050E-001, 2.1292628025827427E+000
 6.7329000000000050E-001, 6.7329000000000050E-001, 2.0228653645173460E+000
 6.7429000000000050E-001, 6.7429000000000050E-001, 1.9127776941580661E+000
 6.7529000000000050E-001, 6.7529000000000050E-001, 1.7988904952407558E+000
 6.7629000000000050E-001, 6.7629000000000050E-001, 1.6810926029686255E+000
 6.7729000000000050E-001, 6.7729000000000050E-001, 1.5592710563422036E+000
 6.7829000000000050E-001, 6.7829000000000050E-001, 1.4333111819743194E+000
 6.7929000000000050E-001, 6.7929000000000050E-001, 1.3030966874425300E+000
 6.8029000000000051E-001, 6.8029000000000051E-001, 1.1685097656470873E+000
 6.8129000000000051E-001, 6.8129000000000051E-001, 1.0294312105094103E+000
 6.8229000000000051E-001, 6.8229000000000051E-001, 8.8574054449495443E-001
 6.8329000000000051E-001, 6.8329000000000051E-001, 7.3731615843005605E-001
 6.8429000000000051E-001, 6.8429000000000051E-001, 5.8403546644247195E-001
 6.8529000000000051E-001, 6.8529000000000051E-001, 4.2577621581082259E-001
 6.8629000000000051E-001, 6.8629000000000051E-001, 2.6306439235858636E-001
 6.8729000000000051E-001, 6.8729000000000051E-001, 1.4935654814628116E-001
 6.8829000000000051E-001, 6.8829000000000051E-001, 1.1746389833089609E-001
 6.8929000000000051E-001, 6.8929000000000051E-001, 1.0268241521341503E-001
 6.9029000000000051E-001, 6.9029000000000051E-001, 9.3329200403457713E-002
 6.9129000000000052E-001, 6.9129000000000052E-001, 8.6559381442609065E-002
 6.9229000000000052E-001, 6.9229000000000052E-001, 8.1342380450113355E-002
 6.9329000000000052E-001, 6.9329000000000052E-001, 7.7109161288874739E-002
 6.9429000000000052E-001, 6.9429000000000052E-001, 7.3570676235294022E-002
 6.9529000000000052E-001, 6.9529000000000052E-001, 7.0547086876211307E-002
 6.9629000000000052E-001, 6.9629000000000052E-001, 6.7919657506774783E-002
 6.9729000000000052E-001, 6.9729000000000052E-001, 6.5606058208713042E-002
 6.9829000000000052E-001, 6.9829000000000052E-001, 6.3546928889307519E-002
 6.9929000000000052E-001, 6.9929000000000052E-001, 6.1698093189142392E-002
 7.0029000000000052E-001, 7.0029000000000052E-001, 6.0025803772828082E-002
 7.0129000000000052E-001, 7.0129000000000052E-001, 5.8503709126705800E-002
 7.0229000000000052E-001, 7.0229000000000052E-001, 5.7110846086598825E-002
 7.0329000000000053E-001, 7.0329000000000053E-001, 5.5830268985232336E-002
 7.0429000000000053E-001, 7.0429000000000053E-001, 5.4648087981728564E-002
 7.0529000000000053E-001, 7.0529000000000053E-001, 5.3552778467998226E-002
 7.0629000000000053E-001, 7.0629000000000053E-001, 5.2534674864332644E-002
 7.0729000000000053E-001, 7.0729000000000053E-001, 5.1585592786485321E-002
 7.0829000000000053E-001, 7.0829000000000053E-001, 5.0698542444511475E-002
 7.0929000000000053E-001, 7.0929000000000053E-001, 4.9867508081475026E-002
 7.1029000000000053E-001, 7.1029000000000053E-001, 4.9087276011809677E-002
 7.1129000000000053E-001, 7.1129000000000053E-001, 4.8353298961705635E-002
 7.1229000000000053E-001, 7.1229000000000053E-001, 4.7661587894726951E-002
 7.1329000000000053E-001, 7.1329000000000053E-001, 4.7008624905153736E-002
 7.1429000000000054E-001, 7.1429000000000054E-001, 4.6391292443113276E-002
 7.1529000000000054E-001, 7.1529000000000054E-001, 4.5806815331965949E-002
 7.1629000000000054E-001, 7.1629000000000054E-001, 4.5252712901668407E-002
 7.1729000000000054E-001, 7.1729000000000054E-001, 4.4726759192694539E-002
 7.1829000000000054E-001, 7.1829000000000054E-001, 4.4226949651616373E-002
 7.1929000000000054E-001, 7.1929000000000054E-001, 4.3751473088283185E-002
 7.2029000000000054E-001, 7.2029000000000054E-001, 4.3298687928003760E-002
 7.2129000000000054E-001, 7.2129000000000054E-001, 4.2867101993076730E-002
 7.2229000000000054E-001, 7.2229000000000054E-001, 4.2455355202593983E-002
 7.2329000000000054E-001, 7.2329000000000054E-001, 4.2062204699381212E-002
 7.2429000000000054E-001, 7.2429000000000054E-001, 4.1686512006716109E-002
 7.2529000000000055E-001, 7.2529000000000055E-001, 4.1327231891322383E-002
 7.2629000000000055E-001, 7.2629000000000055E-001, 4.0983402667730422E-002
 7.2729000000000055E-001, 7.2729000000000055E-001, 4.0654137725857888E-002
 7.2829000000000055E-001, 7.2829000000000055E-001, 4.0338618101228005E-002
 7.2929000000000055E-001, 7.2929000000000055E-001, 4.0036085937606831E-002
 7.3029000000000055E-001, 7.3029000000000055E-001, 3.9745838716489040E-002
 7.3129000000000055E-001, 7.3129000000000055E-001, 3.9467224148008399E-002
 7.3229000000000055E-001, 7.3229000000000055E-001, 3.9199635634386998E-002
 7.3329000000000055E-001, 7.3329000000000055E-001, 3.8942508230654892E-002
 7.3429000000000055E-001, 7.3429000000000055E-001, 3.8695315038686409E-002
 7.3529000000000055E-001, 7.3529000000000055E-001, 3.8457563979990207E-002
 7.3629000000000056E-001, 7.3629000000000056E-001, 3.8228794900534491E-002
 7.3729000000000056E-001, 7.3729000000000056E-001, 3.8008576967497473E-002
 7.3829000000000056E-001, 7.3829000000000056E-001, 3.7796506323355676E-002
 7.3929000000000056E-001, 7.3929000000000056E-001, 3.7592203967427608E-002
 7.4029000000000056E-001, 7.4029000000000056E-001, 3.7395313838955696E-002
 7.4129000000000056E-001, 7.4129000000000056E-001, 3.7205501079191947E-002
 7.4229000000000056E-001, 7.4229000000000056E-001, 3.7022450452847584E-002
 7.4329000000000056E-001, 7.4329000000000056E-001, 3.6845864911718935E-002
 7.4429000000000056E-001, 7.4429000000000056E-001, 3.6675464285452396E-002
 7.4529000000000056E-001, 7.4529000000000056E-001, 3.6510984086207253E-002
 7.4629000000000056E-001, 7.4629000000000056E-001, 3.6352174415580356E-002
 7.4729000000000056E-001, 7.4729000000000056E-001, 3.6198798963507271E-002
 7.4829000000000057E-001, 7.4829000000000057E-001, 3.6050634090044831E-002
 7.4929000000000057E-001, 7.4929000000000057E-001, 3.5907467981972772E-002
 7.5029000000000057E-001, 7.5029000000000057E-001, 3.5769099877052700E-002
 7.5129000000000057E-001, 7.5129000000000057E-001, 3.5635339349572137E-002
 7.5229000000000057E-001, 7.5229000000000057E-001, 3.5506005651480835E-002
 7.5329000000000057E-001, 7.5329000000000057E-001, 3.5380927104049525E-002
 7.5429000000000057E-001, 7.5429000000000057E-001, 3.5259940535494548E-002
 7.5529000000000057E-001, 7.5529000000000057E-001, 3.5142890760501054E-002
 7.5629000000000057E-001, 7.5629000000000057E-001, 3.5029630097976105E-002
 7.5729000000000057E-001, 7.5729000000000057E-001, 3.4920017923743156E-002
 7.5829000000000057E-001, 7.5829000000000057E-001, 3.4813920255205300E-002
 7.5929000000000058E-001, 7.5929000000000058E-001, 3.4711209365303655E-002
 7.6029000000000058E-001, 7.6029000000000058E-001, 3.4611763423346424E-002
 7.6129000000000058E-001, 7.6129000000000058E-001, 3.4515466160520633E-002
 7.6229000000000058E-001, 7.6229000000000058E-001, 3.4422206558097072E-002
 7.6329000000000058E-001, 7.6329000000000058E-001, 3.4331878556532552E-002
 7.6429000000000058E-001, 7.6429000000000058E-001, 3.4244380783823747E-002
 7.6529000000000058E-001, 7.6529000000000058E-001, 3.4159616301628185E-002
 7.6629000000000058E-001, 7.6629000000000058E-001, 3.4077492367790237E-002
 7.6729000000000058E-001, 7.6729000000000058E-001, 3.3997920214037275E-002
 7.6829000000000058E-001, 7.6829000000000058E-001, 3.3920814837710138E-002
 7.6929000000000058E-001, 7.6929000000000058E-001, 3.3846094806495572E-002
 7.7029000000000059E-001, 7.7029000000000059E-001, 3.3773682075212134E-002
 7.7129000000000059E-001, 7.7129000000000059E-001, 3.3703501813785647E-002
 7.7229000000000059E-001, 7.7229000000000059E-001, 3.3635482245610110E-002
 7.7329000000000059E-001, 7.7329000000000059E-001, 3.3569554495570218E-002
 7.7429000000000059E-001, 7.7429000000000059E-001, 3.3505652447047014E-002
 7.7529000000000059E-001, 7.7529000000000059E-001, 3.3443712607294958E-002
 7.7629000000000059E-001, 7.7629000000000059E-001, 3.3383673980611699E-002
 7.7729000000000059E-001, 7.7729000000000059E-001, 3.3325477948783058E-002
 7.7829000000000059E-001, 7.7829000000000059E-001, 3.3269068158313216E-002
 7.7929000000000059E-001, 7.7929000000000059E-001, 3.3214390413993954E-002
 7.8029000000000059E-001, 7.8029000000000059E-001, 3.3161392578399604E-002
 7.8129000000000060E-001, 7.8129000000000060E-001, 3.3110024476923273E-002
 7.8229000000000060E-001, 7.8229000000000060E-001, 3.3060237807999479E-002
 7.8329000000000060E-001, 7.8329000000000060E-001, 3.3011986058183666E-002
 7.8429000000000060E-001, 7.8429000000000060E-001, 3.2965224421790146E-002
 7.8529000000000060E-001, 7.8529000000000060E-001, 3.2919909724791592E-002
 7.8629000000000060E-001, 7.8629000000000060E-001, 3.2876000352733074E-002
 7.8729000000000060E-001, 7.8729000000000060E-001, 3.2833456182402951E-002
 7.8829000000000060E-001, 7.8829000000000060E-001, 3.2792238517041848E-002
 7.8929000000000060E-001, 7.8929000000000060E-001, 3.2752310024873492E-002
 7.9029000000000060E-001, 7.9029000000000060E-001, 3.2713634680761688E-002
 7.9129000000000060E-001, 7.9129000000000060E-001, 3.2676177710808531E-002
 7.9229000000000060E-001, 7.9229000000000060E-001, 3.2639905539722625E-002
 7.9329000000000061E-001, 7.9329000000000061E-001, 3.2604785740799065E-002
 7.9429000000000061E-001, 7.9429000000000061E-001, 3.2570786988357289E-002
 7.9529000000000061E-001, 7.9529000000000061E-001, 3.2537879012502033E-002
 7.9629000000000061E-001, 7.9629000000000061E-001, 3.2506032556071041E-002
 7.9729000000000061E-001, 7.9729000000000061E-001, 3.2475219333652640E-002
 7.9829000000000061E-001, 7.9829000000000061E-001, 3.2445411992554442E-002
 7.9929000000000061E-001, 7.9929000000000061E-001, 3.2416584075618184E-002
 8.0000000000000004E-001, 8.0000000000000004E-001, 3.2396696760323695E-002
