DrainI(1),DrainV(1),GateV(1),DrainI(2),DrainV(2),GateV(2),DrainI(3),DrainV(3),GateV(3),DrainI(4),DrainV(4),GateV(4),DrainI(5),DrainV(5),GateV(5),DrainI(6),DrainV(6),GateV(6),DrainI(7),DrainV(7),GateV(7),DrainI(8),DrainV(8),GateV(8),DrainI(9),DrainV(9),GateV(9),DrainI(10),DrainV(10),GateV(10),DrainI(11),DrainV(11),GateV(11)
-167.7825E-15,0.0000E+0,0.0000E+0,-70.7249E-12,0.0000E+0,500.0000E-3,-1.1680E-9,0.0000E+0,1.0000E+0,-94.7492E-9,0.0000E+0,1.5000E+0,1.3143E-6,0.0000E+0,2.0000E+0,2.6586E-6,0.0000E+0,2.5000E+0,3.6049E-6,0.0000E+0,3.0000E+0,4.3094E-6,0.0000E+0,3.5000E+0,4.8407E-6,0.0000E+0,4.0000E+0,3.4218E-6,0.0000E+0,4.5000E+0,4.4779E-6,0.0000E+0,5.0000E+0
125.9461E-12,50.0000E-3,0.0000E+0,-54.8154E-12,50.0000E-3,500.0000E-3,16.8401E-9,50.0000E-3,1.0000E+0,11.1754E-6,50.0000E-3,1.5000E+0,55.2250E-6,50.0000E-3,2.0000E+0,94.5235E-6,50.0000E-3,2.5000E+0,127.5208E-6,50.0000E-3,3.0000E+0,156.0718E-6,50.0000E-3,3.5000E+0,181.2640E-6,50.0000E-3,4.0000E+0,203.9330E-6,50.0000E-3,4.5000E+0,224.4648E-6,50.0000E-3,5.0000E+0
704.8617E-12,100.0000E-3,0.0000E+0,-55.4720E-12,100.0000E-3,500.0000E-3,19.5799E-9,100.0000E-3,1.0000E+0,16.0670E-6,100.0000E-3,1.5000E+0,101.2599E-6,100.0000E-3,2.0000E+0,181.2242E-6,100.0000E-3,2.5000E+0,248.4966E-6,100.0000E-3,3.0000E+0,306.4028E-6,100.0000E-3,3.5000E+0,357.4325E-6,100.0000E-3,4.0000E+0,403.2296E-6,100.0000E-3,4.5000E+0,444.7243E-6,100.0000E-3,5.0000E+0
1.6797E-9,150.0000E-3,0.0000E+0,-52.7952E-12,150.0000E-3,500.0000E-3,20.0378E-9,150.0000E-3,1.0000E+0,17.7582E-6,150.0000E-3,1.5000E+0,138.3122E-6,150.0000E-3,2.0000E+0,260.1789E-6,150.0000E-3,2.5000E+0,362.7686E-6,150.0000E-3,3.0000E+0,450.8584E-6,150.0000E-3,3.5000E+0,528.0862E-6,150.0000E-3,4.0000E+0,597.5129E-6,150.0000E-3,4.5000E+0,660.3654E-6,150.0000E-3,5.0000E+0
2.0372E-9,200.0000E-3,0.0000E+0,-56.2801E-12,200.0000E-3,500.0000E-3,20.1536E-9,200.0000E-3,1.0000E+0,18.3066E-6,200.0000E-3,1.5000E+0,166.7213E-6,200.0000E-3,2.0000E+0,331.2707E-6,200.0000E-3,2.5000E+0,470.2528E-6,200.0000E-3,3.0000E+0,589.1020E-6,200.0000E-3,3.5000E+0,693.7064E-6,200.0000E-3,4.0000E+0,787.2844E-6,200.0000E-3,4.5000E+0,871.9062E-6,200.0000E-3,5.0000E+0
2.0561E-9,250.0000E-3,0.0000E+0,-46.9870E-12,250.0000E-3,500.0000E-3,20.2174E-9,250.0000E-3,1.0000E+0,18.5194E-6,250.0000E-3,1.5000E+0,187.2687E-6,250.0000E-3,2.0000E+0,394.4915E-6,250.0000E-3,2.5000E+0,570.7169E-6,250.0000E-3,3.0000E+0,721.7299E-6,250.0000E-3,3.5000E+0,854.0900E-6,250.0000E-3,4.0000E+0,972.3394E-6,250.0000E-3,4.5000E+0,1.0791E-3,250.0000E-3,5.0000E+0
1.9687E-9,300.0000E-3,0.0000E+0,-46.9870E-12,300.0000E-3,500.0000E-3,20.2502E-9,300.0000E-3,1.0000E+0,18.6358E-6,300.0000E-3,1.5000E+0,201.1587E-6,300.0000E-3,2.0000E+0,449.8626E-6,300.0000E-3,2.5000E+0,664.4927E-6,300.0000E-3,3.0000E+0,848.2370E-6,300.0000E-3,3.5000E+0,1.0090E-3,300.0000E-3,4.0000E+0,1.1525E-3,300.0000E-3,4.5000E+0,1.2818E-3,300.0000E-3,5.0000E+0
1.8744E-9,350.0000E-3,0.0000E+0,-37.4413E-12,350.0000E-3,500.0000E-3,20.2931E-9,350.0000E-3,1.0000E+0,18.7135E-6,350.0000E-3,1.5000E+0,209.9251E-6,350.0000E-3,2.0000E+0,497.4601E-6,350.0000E-3,2.5000E+0,751.2572E-6,350.0000E-3,3.0000E+0,968.5348E-6,350.0000E-3,3.5000E+0,1.1584E-3,350.0000E-3,4.0000E+0,1.3275E-3,350.0000E-3,4.5000E+0,1.4800E-3,350.0000E-3,5.0000E+0
1.8047E-9,400.0000E-3,0.0000E+0,-45.8759E-12,400.0000E-3,500.0000E-3,20.3258E-9,400.0000E-3,1.0000E+0,18.7729E-6,400.0000E-3,1.5000E+0,215.2499E-6,400.0000E-3,2.0000E+0,537.3724E-6,400.0000E-3,2.5000E+0,831.0723E-6,400.0000E-3,3.0000E+0,1.0827E-3,400.0000E-3,3.5000E+0,1.3023E-3,400.0000E-3,4.0000E+0,1.4977E-3,400.0000E-3,4.5000E+0,1.6736E-3,400.0000E-3,5.0000E+0
1.7165E-9,450.0000E-3,0.0000E+0,-44.0576E-12,450.0000E-3,500.0000E-3,20.3563E-9,450.0000E-3,1.0000E+0,18.8253E-6,450.0000E-3,1.5000E+0,218.5131E-6,450.0000E-3,2.0000E+0,570.3373E-6,450.0000E-3,2.5000E+0,903.9611E-6,450.0000E-3,3.0000E+0,1.1907E-3,450.0000E-3,3.5000E+0,1.4408E-3,450.0000E-3,4.0000E+0,1.6629E-3,450.0000E-3,4.5000E+0,1.8628E-3,450.0000E-3,5.0000E+0
1.6422E-9,500.0000E-3,0.0000E+0,-44.8657E-12,500.0000E-3,500.0000E-3,20.3894E-9,500.0000E-3,1.0000E+0,18.8640E-6,500.0000E-3,1.5000E+0,220.6009E-6,500.0000E-3,2.0000E+0,596.6433E-6,500.0000E-3,2.5000E+0,969.8329E-6,500.0000E-3,3.0000E+0,1.2924E-3,500.0000E-3,3.5000E+0,1.5736E-3,500.0000E-3,4.0000E+0,1.8231E-3,500.0000E-3,4.5000E+0,2.0472E-3,500.0000E-3,5.0000E+0
1.5726E-9,550.0000E-3,0.0000E+0,-46.9870E-12,550.0000E-3,500.0000E-3,20.4135E-9,550.0000E-3,1.0000E+0,18.9046E-6,550.0000E-3,1.5000E+0,222.0369E-6,550.0000E-3,2.0000E+0,617.0397E-6,550.0000E-3,2.5000E+0,1.0288E-3,550.0000E-3,3.0000E+0,1.3877E-3,550.0000E-3,3.5000E+0,1.7007E-3,550.0000E-3,4.0000E+0,1.9780E-3,550.0000E-3,4.5000E+0,2.2270E-3,550.0000E-3,5.0000E+0
1.4753E-9,600.0000E-3,0.0000E+0,-43.5020E-12,600.0000E-3,500.0000E-3,20.4457E-9,600.0000E-3,1.0000E+0,18.9389E-6,600.0000E-3,1.5000E+0,223.1154E-6,600.0000E-3,2.0000E+0,632.4141E-6,600.0000E-3,2.5000E+0,1.0808E-3,600.0000E-3,3.0000E+0,1.4766E-3,600.0000E-3,3.5000E+0,1.8219E-3,600.0000E-3,4.0000E+0,2.1277E-3,600.0000E-3,4.5000E+0,2.4019E-3,600.0000E-3,5.0000E+0
1.4243E-9,650.0000E-3,0.0000E+0,-45.0677E-12,650.0000E-3,500.0000E-3,20.4626E-9,650.0000E-3,1.0000E+0,18.9647E-6,650.0000E-3,1.5000E+0,223.9394E-6,650.0000E-3,2.0000E+0,643.7979E-6,650.0000E-3,2.5000E+0,1.1262E-3,650.0000E-3,3.0000E+0,1.5591E-3,650.0000E-3,3.5000E+0,1.9373E-3,650.0000E-3,4.0000E+0,2.2720E-3,650.0000E-3,4.5000E+0,2.5719E-3,650.0000E-3,5.0000E+0
1.3553E-9,700.0000E-3,0.0000E+0,-45.6233E-12,700.0000E-3,500.0000E-3,20.4920E-9,700.0000E-3,1.0000E+0,18.9907E-6,700.0000E-3,1.5000E+0,224.6318E-6,700.0000E-3,2.0000E+0,652.1791E-6,700.0000E-3,2.5000E+0,1.1654E-3,700.0000E-3,3.0000E+0,1.6352E-3,700.0000E-3,3.5000E+0,2.0469E-3,700.0000E-3,4.0000E+0,2.4111E-3,700.0000E-3,4.5000E+0,2.7371E-3,700.0000E-3,5.0000E+0
1.2910E-9,750.0000E-3,0.0000E+0,-49.5123E-12,750.0000E-3,500.0000E-3,20.5139E-9,750.0000E-3,1.0000E+0,19.0160E-6,750.0000E-3,1.5000E+0,225.2054E-6,750.0000E-3,2.0000E+0,658.3732E-6,750.0000E-3,2.5000E+0,1.1984E-3,750.0000E-3,3.0000E+0,1.7051E-3,750.0000E-3,3.5000E+0,2.1506E-3,750.0000E-3,4.0000E+0,2.5449E-3,750.0000E-3,4.5000E+0,2.8975E-3,750.0000E-3,5.0000E+0
1.2314E-9,800.0000E-3,0.0000E+0,-43.3000E-12,800.0000E-3,500.0000E-3,20.5337E-9,800.0000E-3,1.0000E+0,19.0401E-6,800.0000E-3,1.5000E+0,225.7228E-6,800.0000E-3,2.0000E+0,663.0506E-6,800.0000E-3,2.5000E+0,1.2260E-3,800.0000E-3,3.0000E+0,1.7685E-3,800.0000E-3,3.5000E+0,2.2484E-3,800.0000E-3,4.0000E+0,2.6731E-3,800.0000E-3,4.5000E+0,3.0528E-3,800.0000E-3,5.0000E+0
1.2031E-9,850.0000E-3,0.0000E+0,-50.5729E-12,850.0000E-3,500.0000E-3,20.5546E-9,850.0000E-3,1.0000E+0,19.0667E-6,850.0000E-3,1.5000E+0,226.1858E-6,850.0000E-3,2.0000E+0,666.7398E-6,850.0000E-3,2.5000E+0,1.2485E-3,850.0000E-3,3.0000E+0,1.8257E-3,850.0000E-3,3.5000E+0,2.3402E-3,850.0000E-3,4.0000E+0,2.7959E-3,850.0000E-3,4.5000E+0,3.2030E-3,850.0000E-3,5.0000E+0
1.1869E-9,900.0000E-3,0.0000E+0,-47.2900E-12,900.0000E-3,500.0000E-3,20.5730E-9,900.0000E-3,1.0000E+0,19.0885E-6,900.0000E-3,1.5000E+0,226.5458E-6,900.0000E-3,2.0000E+0,669.6572E-6,900.0000E-3,2.5000E+0,1.2668E-3,900.0000E-3,3.0000E+0,1.8768E-3,900.0000E-3,3.5000E+0,2.4260E-3,900.0000E-3,4.0000E+0,2.9131E-3,900.0000E-3,4.5000E+0,3.3481E-3,900.0000E-3,5.0000E+0
1.1347E-9,950.0000E-3,0.0000E+0,-41.1283E-12,950.0000E-3,500.0000E-3,20.5908E-9,950.0000E-3,1.0000E+0,19.1076E-6,950.0000E-3,1.5000E+0,226.9367E-6,950.0000E-3,2.0000E+0,672.1142E-6,950.0000E-3,2.5000E+0,1.2815E-3,950.0000E-3,3.0000E+0,1.9222E-3,950.0000E-3,3.5000E+0,2.5059E-3,950.0000E-3,4.0000E+0,3.0247E-3,950.0000E-3,4.5000E+0,3.4882E-3,950.0000E-3,5.0000E+0
1.1079E-9,1.0000E+0,0.0000E+0,-44.7142E-12,1.0000E+0,500.0000E-3,20.6108E-9,1.0000E+0,1.0000E+0,19.1289E-6,1.0000E+0,1.5000E+0,227.2906E-6,1.0000E+0,2.0000E+0,674.1423E-6,1.0000E+0,2.5000E+0,1.2933E-3,1.0000E+0,3.0000E+0,1.9619E-3,1.0000E+0,3.5000E+0,2.5800E-3,1.0000E+0,4.0000E+0,3.1310E-3,1.0000E+0,4.5000E+0,3.6232E-3,1.0000E+0,5.0000E+0
1.0997E-9,1.0500E+0,0.0000E+0,-45.5728E-12,1.0500E+0,500.0000E-3,20.6302E-9,1.0500E+0,1.0000E+0,19.1468E-6,1.0500E+0,1.5000E+0,227.6049E-6,1.0500E+0,2.0000E+0,675.9356E-6,1.0500E+0,2.5000E+0,1.3028E-3,1.0500E+0,3.0000E+0,1.9964E-3,1.0500E+0,3.5000E+0,2.6482E-3,1.0500E+0,4.0000E+0,3.2316E-3,1.0500E+0,4.5000E+0,3.7529E-3,1.0500E+0,5.0000E+0
1.0450E-9,1.1000E+0,0.0000E+0,-41.5323E-12,1.1000E+0,500.0000E-3,20.6479E-9,1.1000E+0,1.0000E+0,19.1631E-6,1.1000E+0,1.5000E+0,227.8944E-6,1.1000E+0,2.0000E+0,677.5225E-6,1.1000E+0,2.5000E+0,1.3105E-3,1.1000E+0,3.0000E+0,2.0260E-3,1.1000E+0,3.5000E+0,2.7107E-3,1.1000E+0,4.0000E+0,3.3265E-3,1.1000E+0,4.5000E+0,3.8774E-3,1.1000E+0,5.0000E+0
1.0148E-9,1.1500E+0,0.0000E+0,-41.0272E-12,1.1500E+0,500.0000E-3,20.6635E-9,1.1500E+0,1.0000E+0,19.1833E-6,1.1500E+0,1.5000E+0,228.1640E-6,1.1500E+0,2.0000E+0,678.8943E-6,1.1500E+0,2.5000E+0,1.3169E-3,1.1500E+0,3.0000E+0,2.0512E-3,1.1500E+0,3.5000E+0,2.7674E-3,1.1500E+0,4.0000E+0,3.4157E-3,1.1500E+0,4.5000E+0,3.9965E-3,1.1500E+0,5.0000E+0
1.0348E-9,1.2000E+0,0.0000E+0,-34.2089E-12,1.2000E+0,500.0000E-3,20.6802E-9,1.2000E+0,1.0000E+0,19.2006E-6,1.2000E+0,1.5000E+0,228.4254E-6,1.2000E+0,2.0000E+0,680.1300E-6,1.2000E+0,2.5000E+0,1.3222E-3,1.2000E+0,3.0000E+0,2.0724E-3,1.2000E+0,3.5000E+0,2.8186E-3,1.2000E+0,4.0000E+0,3.4994E-3,1.2000E+0,4.5000E+0,4.1103E-3,1.2000E+0,5.0000E+0
979.1761E-12,1.2500E+0,0.0000E+0,-40.6737E-12,1.2500E+0,500.0000E-3,20.6883E-9,1.2500E+0,1.0000E+0,19.2142E-6,1.2500E+0,1.5000E+0,228.6731E-6,1.2500E+0,2.0000E+0,681.3105E-6,1.2500E+0,2.5000E+0,1.3267E-3,1.2500E+0,3.0000E+0,2.0904E-3,1.2500E+0,3.5000E+0,2.8646E-3,1.2500E+0,4.0000E+0,3.5776E-3,1.2500E+0,4.5000E+0,4.2188E-3,1.2500E+0,5.0000E+0
951.1436E-12,1.3000E+0,0.0000E+0,-38.0474E-12,1.3000E+0,500.0000E-3,20.7111E-9,1.3000E+0,1.0000E+0,19.2331E-6,1.3000E+0,1.5000E+0,228.9150E-6,1.3000E+0,2.0000E+0,682.3987E-6,1.3000E+0,2.5000E+0,1.3306E-3,1.3000E+0,3.0000E+0,2.1055E-3,1.3000E+0,3.5000E+0,2.9056E-3,1.3000E+0,4.0000E+0,3.6503E-3,1.3000E+0,4.5000E+0,4.3221E-3,1.3000E+0,5.0000E+0
946.6988E-12,1.3500E+0,0.0000E+0,-33.4008E-12,1.3500E+0,500.0000E-3,20.7267E-9,1.3500E+0,1.0000E+0,19.2449E-6,1.3500E+0,1.5000E+0,229.1493E-6,1.3500E+0,2.0000E+0,683.3326E-6,1.3500E+0,2.5000E+0,1.3341E-3,1.3500E+0,3.0000E+0,2.1182E-3,1.3500E+0,3.5000E+0,2.9417E-3,1.3500E+0,4.0000E+0,3.7175E-3,1.3500E+0,4.5000E+0,4.4199E-3,1.3500E+0,5.0000E+0
906.1401E-12,1.4000E+0,0.0000E+0,-41.1283E-12,1.4000E+0,500.0000E-3,20.7402E-9,1.4000E+0,1.0000E+0,19.2617E-6,1.4000E+0,1.5000E+0,229.3675E-6,1.4000E+0,2.0000E+0,684.2396E-6,1.4000E+0,2.5000E+0,1.3371E-3,1.4000E+0,3.0000E+0,2.1289E-3,1.4000E+0,3.5000E+0,2.9736E-3,1.4000E+0,4.0000E+0,3.7794E-3,1.4000E+0,4.5000E+0,4.5124E-3,1.4000E+0,5.0000E+0
888.4114E-12,1.4500E+0,0.0000E+0,-35.4716E-12,1.4500E+0,500.0000E-3,20.7528E-9,1.4500E+0,1.0000E+0,19.2775E-6,1.4500E+0,1.5000E+0,229.5792E-6,1.4500E+0,2.0000E+0,685.0991E-6,1.4500E+0,2.5000E+0,1.3398E-3,1.4500E+0,3.0000E+0,2.1380E-3,1.4500E+0,3.5000E+0,3.0013E-3,1.4500E+0,4.0000E+0,3.8361E-3,1.4500E+0,4.5000E+0,4.5995E-3,1.4500E+0,5.0000E+0
888.8660E-12,1.5000E+0,0.0000E+0,-38.1484E-12,1.5000E+0,500.0000E-3,20.7611E-9,1.5000E+0,1.0000E+0,19.2932E-6,1.5000E+0,1.5000E+0,229.7844E-6,1.5000E+0,2.0000E+0,685.9269E-6,1.5000E+0,2.5000E+0,1.3423E-3,1.5000E+0,3.0000E+0,2.1460E-3,1.5000E+0,3.5000E+0,3.0254E-3,1.5000E+0,4.0000E+0,3.8877E-3,1.5000E+0,4.5000E+0,4.6814E-3,1.5000E+0,5.0000E+0
850.3276E-12,1.5500E+0,0.0000E+0,-42.0374E-12,1.5500E+0,500.0000E-3,20.7908E-9,1.5500E+0,1.0000E+0,19.3044E-6,1.5500E+0,1.5000E+0,229.9898E-6,1.5500E+0,2.0000E+0,686.6739E-6,1.5500E+0,2.5000E+0,1.3446E-3,1.5500E+0,3.0000E+0,2.1528E-3,1.5500E+0,3.5000E+0,3.0463E-3,1.5500E+0,4.0000E+0,3.9346E-3,1.5500E+0,4.5000E+0,4.7582E-3,1.5500E+0,5.0000E+0
827.9521E-12,1.6000E+0,0.0000E+0,-46.5829E-12,1.6000E+0,500.0000E-3,20.8033E-9,1.6000E+0,1.0000E+0,19.3227E-6,1.6000E+0,1.5000E+0,230.1806E-6,1.6000E+0,2.0000E+0,687.4229E-6,1.6000E+0,2.5000E+0,1.3468E-3,1.6000E+0,3.0000E+0,2.1589E-3,1.6000E+0,3.5000E+0,3.0645E-3,1.6000E+0,4.0000E+0,3.9768E-3,1.6000E+0,4.5000E+0,4.8298E-3,1.6000E+0,5.0000E+0
825.7297E-12,1.6500E+0,0.0000E+0,-47.2900E-12,1.6500E+0,500.0000E-3,20.8186E-9,1.6500E+0,1.0000E+0,19.3330E-6,1.6500E+0,1.5000E+0,230.3691E-6,1.6500E+0,2.0000E+0,688.1124E-6,1.6500E+0,2.5000E+0,1.3487E-3,1.6500E+0,3.0000E+0,2.1643E-3,1.6500E+0,3.5000E+0,3.0802E-3,1.6500E+0,4.0000E+0,4.0148E-3,1.6500E+0,4.5000E+0,4.8963E-3,1.6500E+0,5.0000E+0
799.3135E-12,1.7000E+0,0.0000E+0,-41.5828E-12,1.7000E+0,500.0000E-3,20.8385E-9,1.7000E+0,1.0000E+0,19.3516E-6,1.7000E+0,1.5000E+0,230.5455E-6,1.7000E+0,2.0000E+0,688.8155E-6,1.7000E+0,2.5000E+0,1.3505E-3,1.7000E+0,3.0000E+0,2.1691E-3,1.7000E+0,3.5000E+0,3.0939E-3,1.7000E+0,4.0000E+0,4.0486E-3,1.7000E+0,4.5000E+0,4.9579E-3,1.7000E+0,5.0000E+0
779.6150E-12,1.7500E+0,0.0000E+0,-46.3304E-12,1.7500E+0,500.0000E-3,20.8615E-9,1.7500E+0,1.0000E+0,19.3617E-6,1.7500E+0,1.5000E+0,230.6986E-6,1.7500E+0,2.0000E+0,689.4616E-6,1.7500E+0,2.5000E+0,1.3522E-3,1.7500E+0,3.0000E+0,2.1734E-3,1.7500E+0,3.5000E+0,3.1058E-3,1.7500E+0,4.0000E+0,4.0786E-3,1.7500E+0,4.5000E+0,5.0122E-3,1.7500E+0,5.0000E+0
768.3010E-12,1.8000E+0,0.0000E+0,-49.5123E-12,1.8000E+0,500.0000E-3,20.8691E-9,1.8000E+0,1.0000E+0,19.3756E-6,1.8000E+0,1.5000E+0,230.9066E-6,1.8000E+0,2.0000E+0,690.1031E-6,1.8000E+0,2.5000E+0,1.3539E-3,1.8000E+0,3.0000E+0,2.1775E-3,1.8000E+0,3.5000E+0,3.1163E-3,1.8000E+0,4.0000E+0,4.1053E-3,1.8000E+0,4.5000E+0,5.0643E-3,1.8000E+0,5.0000E+0
747.5923E-12,1.8500E+0,0.0000E+0,-40.6232E-12,1.8500E+0,500.0000E-3,20.8866E-9,1.8500E+0,1.0000E+0,19.3880E-6,1.8500E+0,1.5000E+0,231.0555E-6,1.8500E+0,2.0000E+0,690.7047E-6,1.8500E+0,2.5000E+0,1.3554E-3,1.8500E+0,3.0000E+0,2.1811E-3,1.8500E+0,3.5000E+0,3.1257E-3,1.8500E+0,4.0000E+0,4.1289E-3,1.8500E+0,4.5000E+0,5.1121E-3,1.8500E+0,5.0000E+0
721.0246E-12,1.9000E+0,0.0000E+0,-48.1486E-12,1.9000E+0,500.0000E-3,20.8915E-9,1.9000E+0,1.0000E+0,19.4014E-6,1.9000E+0,1.5000E+0,231.2110E-6,1.9000E+0,2.0000E+0,691.3029E-6,1.9000E+0,2.5000E+0,1.3568E-3,1.9000E+0,3.0000E+0,2.1845E-3,1.9000E+0,3.5000E+0,3.1339E-3,1.9000E+0,4.0000E+0,4.1498E-3,1.9000E+0,4.5000E+0,5.1555E-3,1.9000E+0,5.0000E+0
706.5790E-12,1.9500E+0,0.0000E+0,-44.5122E-12,1.9500E+0,500.0000E-3,20.9099E-9,1.9500E+0,1.0000E+0,19.4116E-6,1.9500E+0,1.5000E+0,231.3584E-6,1.9500E+0,2.0000E+0,691.8046E-6,1.9500E+0,2.5000E+0,1.3582E-3,1.9500E+0,3.0000E+0,2.1876E-3,1.9500E+0,3.5000E+0,3.1414E-3,1.9500E+0,4.0000E+0,4.1683E-3,1.9500E+0,4.5000E+0,5.1947E-3,1.9500E+0,5.0000E+0
684.4560E-12,2.0000E+0,0.0000E+0,-44.6637E-12,2.0000E+0,500.0000E-3,20.9149E-9,2.0000E+0,1.0000E+0,19.4199E-6,2.0000E+0,1.5000E+0,231.5047E-6,2.0000E+0,2.0000E+0,692.3406E-6,2.0000E+0,2.5000E+0,1.3595E-3,2.0000E+0,3.0000E+0,2.1906E-3,2.0000E+0,3.5000E+0,3.1481E-3,2.0000E+0,4.0000E+0,4.1846E-3,2.0000E+0,4.5000E+0,5.2305E-3,2.0000E+0,5.0000E+0
662.4341E-12,2.0500E+0,0.0000E+0,-47.9466E-12,2.0500E+0,500.0000E-3,20.9206E-9,2.0500E+0,1.0000E+0,19.4334E-6,2.0500E+0,1.5000E+0,231.6591E-6,2.0500E+0,2.0000E+0,692.9024E-6,2.0500E+0,2.5000E+0,1.3608E-3,2.0500E+0,3.0000E+0,2.1933E-3,2.0500E+0,3.5000E+0,3.1541E-3,2.0500E+0,4.0000E+0,4.1991E-3,2.0500E+0,4.5000E+0,5.2625E-3,2.0500E+0,5.0000E+0
646.8773E-12,2.1000E+0,0.0000E+0,-45.0172E-12,2.1000E+0,500.0000E-3,20.9324E-9,2.1000E+0,1.0000E+0,19.4470E-6,2.1000E+0,1.5000E+0,231.8263E-6,2.1000E+0,2.0000E+0,693.3935E-6,2.1000E+0,2.5000E+0,1.3620E-3,2.1000E+0,3.0000E+0,2.1959E-3,2.1000E+0,3.5000E+0,3.1597E-3,2.1000E+0,4.0000E+0,4.2121E-3,2.1000E+0,4.5000E+0,5.2914E-3,2.1000E+0,5.0000E+0
635.4118E-12,2.1500E+0,0.0000E+0,-40.5222E-12,2.1500E+0,500.0000E-3,20.9326E-9,2.1500E+0,1.0000E+0,19.4569E-6,2.1500E+0,1.5000E+0,231.9645E-6,2.1500E+0,2.0000E+0,693.9123E-6,2.1500E+0,2.5000E+0,1.3632E-3,2.1500E+0,3.0000E+0,2.1984E-3,2.1500E+0,3.5000E+0,3.1649E-3,2.1500E+0,4.0000E+0,4.2237E-3,2.1500E+0,4.5000E+0,5.3176E-3,2.1500E+0,5.0000E+0
609.7027E-12,2.2000E+0,0.0000E+0,-42.0374E-12,2.2000E+0,500.0000E-3,20.9473E-9,2.2000E+0,1.0000E+0,19.4703E-6,2.2000E+0,1.5000E+0,232.1322E-6,2.2000E+0,2.0000E+0,694.4055E-6,2.2000E+0,2.5000E+0,1.3643E-3,2.2000E+0,3.0000E+0,2.2007E-3,2.2000E+0,3.5000E+0,3.1697E-3,2.2000E+0,4.0000E+0,4.2342E-3,2.2000E+0,4.5000E+0,5.3410E-3,2.2000E+0,5.0000E+0
588.6404E-12,2.2500E+0,0.0000E+0,-41.8858E-12,2.2500E+0,500.0000E-3,20.9606E-9,2.2500E+0,1.0000E+0,19.4829E-6,2.2500E+0,1.5000E+0,232.2608E-6,2.2500E+0,2.0000E+0,694.8785E-6,2.2500E+0,2.5000E+0,1.3655E-3,2.2500E+0,3.0000E+0,2.2029E-3,2.2500E+0,3.5000E+0,3.1741E-3,2.2500E+0,4.0000E+0,4.2437E-3,2.2500E+0,4.5000E+0,5.3620E-3,2.2500E+0,5.0000E+0
575.2556E-12,2.3000E+0,0.0000E+0,-45.6739E-12,2.3000E+0,500.0000E-3,20.9732E-9,2.3000E+0,1.0000E+0,19.4975E-6,2.3000E+0,1.5000E+0,232.4054E-6,2.3000E+0,2.0000E+0,695.3513E-6,2.3000E+0,2.5000E+0,1.3665E-3,2.3000E+0,3.0000E+0,2.2050E-3,2.3000E+0,3.5000E+0,3.1783E-3,2.3000E+0,4.0000E+0,4.2524E-3,2.3000E+0,4.5000E+0,5.3808E-3,2.3000E+0,5.0000E+0
551.5163E-12,2.3500E+0,0.0000E+0,-39.4110E-12,2.3500E+0,500.0000E-3,20.9844E-9,2.3500E+0,1.0000E+0,19.5070E-6,2.3500E+0,1.5000E+0,232.5284E-6,2.3500E+0,2.0000E+0,695.8091E-6,2.3500E+0,2.5000E+0,1.3676E-3,2.3500E+0,3.0000E+0,2.2070E-3,2.3500E+0,3.5000E+0,3.1822E-3,2.3500E+0,4.0000E+0,4.2601E-3,2.3500E+0,4.5000E+0,5.3977E-3,2.3500E+0,5.0000E+0
532.0703E-12,2.4000E+0,0.0000E+0,-43.5526E-12,2.4000E+0,500.0000E-3,20.9959E-9,2.4000E+0,1.0000E+0,19.5130E-6,2.4000E+0,1.5000E+0,232.6716E-6,2.4000E+0,2.0000E+0,696.2917E-6,2.4000E+0,2.5000E+0,1.3685E-3,2.4000E+0,3.0000E+0,2.2090E-3,2.4000E+0,3.5000E+0,3.1858E-3,2.4000E+0,4.0000E+0,4.2674E-3,2.4000E+0,4.5000E+0,5.4129E-3,2.4000E+0,5.0000E+0
520.8068E-12,2.4500E+0,0.0000E+0,-43.6536E-12,2.4500E+0,500.0000E-3,21.0075E-9,2.4500E+0,1.0000E+0,19.5277E-6,2.4500E+0,1.5000E+0,232.7967E-6,2.4500E+0,2.0000E+0,696.6733E-6,2.4500E+0,2.5000E+0,1.3695E-3,2.4500E+0,3.0000E+0,2.2108E-3,2.4500E+0,3.5000E+0,3.1893E-3,2.4500E+0,4.0000E+0,4.2741E-3,2.4500E+0,4.5000E+0,5.4266E-3,2.4500E+0,5.0000E+0
499.0375E-12,2.5000E+0,0.0000E+0,-43.6536E-12,2.5000E+0,500.0000E-3,21.0198E-9,2.5000E+0,1.0000E+0,19.5368E-6,2.5000E+0,1.5000E+0,232.9328E-6,2.5000E+0,2.0000E+0,697.1114E-6,2.5000E+0,2.5000E+0,1.3704E-3,2.5000E+0,3.0000E+0,2.2127E-3,2.5000E+0,3.5000E+0,3.1926E-3,2.5000E+0,4.0000E+0,4.2803E-3,2.5000E+0,4.5000E+0,5.4391E-3,2.5000E+0,5.0000E+0
474.9446E-12,2.5500E+0,0.0000E+0,-43.1485E-12,2.5500E+0,500.0000E-3,21.0245E-9,2.5500E+0,1.0000E+0,19.5461E-6,2.5500E+0,1.5000E+0,233.0580E-6,2.5500E+0,2.0000E+0,697.5177E-6,2.5500E+0,2.5000E+0,1.3714E-3,2.5500E+0,3.0000E+0,2.2144E-3,2.5500E+0,3.5000E+0,3.1958E-3,2.5500E+0,4.0000E+0,4.2861E-3,2.5500E+0,4.5000E+0,5.4507E-3,2.5500E+0,5.0000E+0
461.0547E-12,2.6000E+0,0.0000E+0,-41.8858E-12,2.6000E+0,500.0000E-3,21.0392E-9,2.6000E+0,1.0000E+0,19.5538E-6,2.6000E+0,1.5000E+0,233.1819E-6,2.6000E+0,2.0000E+0,697.9230E-6,2.6000E+0,2.5000E+0,1.3723E-3,2.6000E+0,3.0000E+0,2.2161E-3,2.6000E+0,3.5000E+0,3.1986E-3,2.6000E+0,4.0000E+0,4.2915E-3,2.6000E+0,4.5000E+0,5.4611E-3,2.6000E+0,5.0000E+0
435.8517E-12,2.6500E+0,0.0000E+0,-31.1280E-12,2.6500E+0,500.0000E-3,21.0533E-9,2.6500E+0,1.0000E+0,19.5667E-6,2.6500E+0,1.5000E+0,233.2977E-6,2.6500E+0,2.0000E+0,698.3384E-6,2.6500E+0,2.5000E+0,1.3731E-3,2.6500E+0,3.0000E+0,2.2177E-3,2.6500E+0,3.5000E+0,3.2016E-3,2.6500E+0,4.0000E+0,4.2966E-3,2.6500E+0,4.5000E+0,5.4706E-3,2.6500E+0,5.0000E+0
425.2454E-12,2.7000E+0,0.0000E+0,-40.2697E-12,2.7000E+0,500.0000E-3,21.0644E-9,2.7000E+0,1.0000E+0,19.5767E-6,2.7000E+0,1.5000E+0,233.4355E-6,2.7000E+0,2.0000E+0,698.7139E-6,2.7000E+0,2.5000E+0,1.3740E-3,2.7000E+0,3.0000E+0,2.2192E-3,2.7000E+0,3.5000E+0,3.2043E-3,2.7000E+0,4.0000E+0,4.3013E-3,2.7000E+0,4.5000E+0,5.4796E-3,2.7000E+0,5.0000E+0
409.0330E-12,2.7500E+0,0.0000E+0,-42.0374E-12,2.7500E+0,500.0000E-3,21.0862E-9,2.7500E+0,1.0000E+0,19.5826E-6,2.7500E+0,1.5000E+0,233.5766E-6,2.7500E+0,2.0000E+0,699.0698E-6,2.7500E+0,2.5000E+0,1.3748E-3,2.7500E+0,3.0000E+0,2.2208E-3,2.7500E+0,3.5000E+0,3.2069E-3,2.7500E+0,4.0000E+0,4.3059E-3,2.7500E+0,4.5000E+0,5.4878E-3,2.7500E+0,5.0000E+0
399.6388E-12,2.8000E+0,0.0000E+0,-39.2090E-12,2.8000E+0,500.0000E-3,21.0917E-9,2.8000E+0,1.0000E+0,19.5927E-6,2.8000E+0,1.5000E+0,233.6856E-6,2.8000E+0,2.0000E+0,699.4639E-6,2.8000E+0,2.5000E+0,1.3756E-3,2.8000E+0,3.0000E+0,2.2222E-3,2.8000E+0,3.5000E+0,3.2094E-3,2.8000E+0,4.0000E+0,4.3103E-3,2.8000E+0,4.5000E+0,5.4955E-3,2.8000E+0,5.0000E+0
367.9210E-12,2.8500E+0,0.0000E+0,-37.9969E-12,2.8500E+0,500.0000E-3,21.0979E-9,2.8500E+0,1.0000E+0,19.6028E-6,2.8500E+0,1.5000E+0,233.8049E-6,2.8500E+0,2.0000E+0,699.8864E-6,2.8500E+0,2.5000E+0,1.3764E-3,2.8500E+0,3.0000E+0,2.2237E-3,2.8500E+0,3.5000E+0,3.2118E-3,2.8500E+0,4.0000E+0,4.3143E-3,2.8500E+0,4.5000E+0,5.5026E-3,2.8500E+0,5.0000E+0
340.3446E-12,2.9000E+0,0.0000E+0,-34.1584E-12,2.9000E+0,500.0000E-3,21.1077E-9,2.9000E+0,1.0000E+0,19.6176E-6,2.9000E+0,1.5000E+0,233.9274E-6,2.9000E+0,2.0000E+0,700.2357E-6,2.9000E+0,2.5000E+0,1.3772E-3,2.9000E+0,3.0000E+0,2.2251E-3,2.9000E+0,3.5000E+0,3.2141E-3,2.9000E+0,4.0000E+0,4.3182E-3,2.9000E+0,4.5000E+0,5.5092E-3,2.9000E+0,5.0000E+0
338.8294E-12,2.9500E+0,0.0000E+0,-32.8453E-12,2.9500E+0,500.0000E-3,21.1222E-9,2.9500E+0,1.0000E+0,19.6275E-6,2.9500E+0,1.5000E+0,234.0304E-6,2.9500E+0,2.0000E+0,700.5971E-6,2.9500E+0,2.5000E+0,1.3779E-3,2.9500E+0,3.0000E+0,2.2265E-3,2.9500E+0,3.5000E+0,3.2163E-3,2.9500E+0,4.0000E+0,4.3219E-3,2.9500E+0,4.5000E+0,5.5154E-3,2.9500E+0,5.0000E+0
311.6066E-12,3.0000E+0,0.0000E+0,-42.8455E-12,3.0000E+0,500.0000E-3,21.1315E-9,3.0000E+0,1.0000E+0,19.6377E-6,3.0000E+0,1.5000E+0,234.1424E-6,3.0000E+0,2.0000E+0,700.9550E-6,3.0000E+0,2.5000E+0,1.3787E-3,3.0000E+0,3.0000E+0,2.2278E-3,3.0000E+0,3.5000E+0,3.2185E-3,3.0000E+0,4.0000E+0,4.3254E-3,3.0000E+0,4.5000E+0,5.5213E-3,3.0000E+0,5.0000E+0
296.2023E-12,3.0500E+0,0.0000E+0,-39.6131E-12,3.0500E+0,500.0000E-3,21.1036E-9,3.0500E+0,1.0000E+0,19.6468E-6,3.0500E+0,1.5000E+0,234.2625E-6,3.0500E+0,2.0000E+0,701.2946E-6,3.0500E+0,2.5000E+0,1.3794E-3,3.0500E+0,3.0000E+0,2.2291E-3,3.0500E+0,3.5000E+0,3.2207E-3,3.0500E+0,4.0000E+0,4.3289E-3,3.0500E+0,4.5000E+0,5.5269E-3,3.0500E+0,5.0000E+0
286.2020E-12,3.1000E+0,0.0000E+0,-33.2493E-12,3.1000E+0,500.0000E-3,21.0808E-9,3.1000E+0,1.0000E+0,19.6566E-6,3.1000E+0,1.5000E+0,234.3557E-6,3.1000E+0,2.0000E+0,701.6419E-6,3.1000E+0,2.5000E+0,1.3802E-3,3.1000E+0,3.0000E+0,2.2304E-3,3.1000E+0,3.5000E+0,3.2228E-3,3.1000E+0,4.0000E+0,4.3321E-3,3.1000E+0,4.5000E+0,5.5322E-3,3.1000E+0,5.0000E+0
262.1611E-12,3.1500E+0,0.0000E+0,-38.2999E-12,3.1500E+0,500.0000E-3,21.0832E-9,3.1500E+0,1.0000E+0,19.6652E-6,3.1500E+0,1.5000E+0,234.4770E-6,3.1500E+0,2.0000E+0,701.9912E-6,3.1500E+0,2.5000E+0,1.3809E-3,3.1500E+0,3.0000E+0,2.2316E-3,3.1500E+0,3.5000E+0,3.2248E-3,3.1500E+0,4.0000E+0,4.3352E-3,3.1500E+0,4.5000E+0,5.5372E-3,3.1500E+0,5.0000E+0
245.7466E-12,3.2000E+0,0.0000E+0,-42.5424E-12,3.2000E+0,500.0000E-3,21.0889E-9,3.2000E+0,1.0000E+0,19.6764E-6,3.2000E+0,1.5000E+0,234.5973E-6,3.2000E+0,2.0000E+0,702.3248E-6,3.2000E+0,2.5000E+0,1.3816E-3,3.2000E+0,3.0000E+0,2.2328E-3,3.2000E+0,3.5000E+0,3.2267E-3,3.2000E+0,4.0000E+0,4.3383E-3,3.2000E+0,4.5000E+0,5.5420E-3,3.2000E+0,5.0000E+0
227.8674E-12,3.2500E+0,0.0000E+0,-36.5322E-12,3.2500E+0,500.0000E-3,21.1007E-9,3.2500E+0,1.0000E+0,19.6862E-6,3.2500E+0,1.5000E+0,234.6713E-6,3.2500E+0,2.0000E+0,702.6569E-6,3.2500E+0,2.5000E+0,1.3823E-3,3.2500E+0,3.0000E+0,2.2340E-3,3.2500E+0,3.5000E+0,3.2286E-3,3.2500E+0,4.0000E+0,4.3412E-3,3.2500E+0,4.5000E+0,5.5465E-3,3.2500E+0,5.0000E+0
193.6748E-12,3.3000E+0,0.0000E+0,-34.2089E-12,3.3000E+0,500.0000E-3,21.1265E-9,3.3000E+0,1.0000E+0,19.6918E-6,3.3000E+0,1.5000E+0,234.7856E-6,3.3000E+0,2.0000E+0,702.9966E-6,3.3000E+0,2.5000E+0,1.3830E-3,3.3000E+0,3.0000E+0,2.2351E-3,3.3000E+0,3.5000E+0,3.2304E-3,3.3000E+0,4.0000E+0,4.3440E-3,3.3000E+0,4.5000E+0,5.5508E-3,3.3000E+0,5.0000E+0
181.0483E-12,3.3500E+0,0.0000E+0,-37.5424E-12,3.3500E+0,500.0000E-3,21.1624E-9,3.3500E+0,1.0000E+0,19.7037E-6,3.3500E+0,1.5000E+0,234.8884E-6,3.3500E+0,2.0000E+0,703.3378E-6,3.3500E+0,2.5000E+0,1.3836E-3,3.3500E+0,3.0000E+0,2.2363E-3,3.3500E+0,3.5000E+0,3.2322E-3,3.3500E+0,4.0000E+0,4.3467E-3,3.3500E+0,4.5000E+0,5.5549E-3,3.3500E+0,5.0000E+0
182.8665E-12,3.4000E+0,0.0000E+0,-33.3503E-12,3.4000E+0,500.0000E-3,21.2079E-9,3.4000E+0,1.0000E+0,19.7091E-6,3.4000E+0,1.5000E+0,234.9885E-6,3.4000E+0,2.0000E+0,703.6649E-6,3.4000E+0,2.5000E+0,1.3843E-3,3.4000E+0,3.0000E+0,2.2374E-3,3.4000E+0,3.5000E+0,3.2340E-3,3.4000E+0,4.0000E+0,4.3494E-3,3.4000E+0,4.5000E+0,5.5590E-3,3.4000E+0,5.0000E+0
148.8759E-12,3.4500E+0,0.0000E+0,-40.2192E-12,3.4500E+0,500.0000E-3,21.2571E-9,3.4500E+0,1.0000E+0,19.7175E-6,3.4500E+0,1.5000E+0,235.1005E-6,3.4500E+0,2.0000E+0,703.9657E-6,3.4500E+0,2.5000E+0,1.3849E-3,3.4500E+0,3.0000E+0,2.2385E-3,3.4500E+0,3.5000E+0,3.2357E-3,3.4500E+0,4.0000E+0,4.3519E-3,3.4500E+0,4.5000E+0,5.5629E-3,3.4500E+0,5.0000E+0
129.4310E-12,3.5000E+0,0.0000E+0,-38.6030E-12,3.5000E+0,500.0000E-3,21.2888E-9,3.5000E+0,1.0000E+0,19.7221E-6,3.5000E+0,1.5000E+0,235.2076E-6,3.5000E+0,2.0000E+0,704.2544E-6,3.5000E+0,2.5000E+0,1.3856E-3,3.5000E+0,3.0000E+0,2.2396E-3,3.5000E+0,3.5000E+0,3.2374E-3,3.5000E+0,4.0000E+0,4.3543E-3,3.5000E+0,4.5000E+0,5.5665E-3,3.5000E+0,5.0000E+0
132.0573E-12,3.5500E+0,0.0000E+0,-36.6837E-12,3.5500E+0,500.0000E-3,21.2998E-9,3.5500E+0,1.0000E+0,19.7325E-6,3.5500E+0,1.5000E+0,235.2982E-6,3.5500E+0,2.0000E+0,704.5749E-6,3.5500E+0,2.5000E+0,1.3862E-3,3.5500E+0,3.0000E+0,2.2407E-3,3.5500E+0,3.5000E+0,3.2391E-3,3.5500E+0,4.0000E+0,4.3568E-3,3.5500E+0,4.5000E+0,5.5701E-3,3.5500E+0,5.0000E+0
98.6727E-12,3.6000E+0,0.0000E+0,-35.8756E-12,3.6000E+0,500.0000E-3,21.2913E-9,3.6000E+0,1.0000E+0,19.7461E-6,3.6000E+0,1.5000E+0,235.4116E-6,3.6000E+0,2.0000E+0,704.9010E-6,3.6000E+0,2.5000E+0,1.3868E-3,3.6000E+0,3.0000E+0,2.2418E-3,3.6000E+0,3.5000E+0,3.2407E-3,3.6000E+0,4.0000E+0,4.3592E-3,3.6000E+0,4.5000E+0,5.5736E-3,3.6000E+0,5.0000E+0
79.2279E-12,3.6500E+0,0.0000E+0,-40.5222E-12,3.6500E+0,500.0000E-3,21.2962E-9,3.6500E+0,1.0000E+0,19.7556E-6,3.6500E+0,1.5000E+0,235.5183E-6,3.6500E+0,2.0000E+0,705.1882E-6,3.6500E+0,2.5000E+0,1.3875E-3,3.6500E+0,3.0000E+0,2.2428E-3,3.6500E+0,3.5000E+0,3.2423E-3,3.6500E+0,4.0000E+0,4.3615E-3,3.6500E+0,4.5000E+0,5.5769E-3,3.6500E+0,5.0000E+0
82.8643E-12,3.7000E+0,0.0000E+0,-40.1181E-12,3.7000E+0,500.0000E-3,21.2983E-9,3.7000E+0,1.0000E+0,19.7600E-6,3.7000E+0,1.5000E+0,235.6105E-6,3.7000E+0,2.0000E+0,705.5239E-6,3.7000E+0,2.5000E+0,1.3880E-3,3.7000E+0,3.0000E+0,2.2438E-3,3.7000E+0,3.5000E+0,3.2437E-3,3.7000E+0,4.0000E+0,4.3638E-3,3.7000E+0,4.5000E+0,5.5801E-3,3.7000E+0,5.0000E+0
60.0860E-12,3.7500E+0,0.0000E+0,-32.7443E-12,3.7500E+0,500.0000E-3,21.3029E-9,3.7500E+0,1.0000E+0,19.7693E-6,3.7500E+0,1.5000E+0,235.7192E-6,3.7500E+0,2.0000E+0,705.7869E-6,3.7500E+0,2.5000E+0,1.3887E-3,3.7500E+0,3.0000E+0,2.2448E-3,3.7500E+0,3.5000E+0,3.2453E-3,3.7500E+0,4.0000E+0,4.3659E-3,3.7500E+0,4.5000E+0,5.5832E-3,3.7500E+0,5.0000E+0
37.7623E-12,3.8000E+0,0.0000E+0,-38.1989E-12,3.8000E+0,500.0000E-3,21.3116E-9,3.8000E+0,1.0000E+0,19.7749E-6,3.8000E+0,1.5000E+0,235.8021E-6,3.8000E+0,2.0000E+0,706.0614E-6,3.8000E+0,2.5000E+0,1.3893E-3,3.8000E+0,3.0000E+0,2.2458E-3,3.8000E+0,3.5000E+0,3.2468E-3,3.8000E+0,4.0000E+0,4.3681E-3,3.8000E+0,4.5000E+0,5.5862E-3,3.8000E+0,5.0000E+0
43.8231E-12,3.8500E+0,0.0000E+0,-46.3304E-12,3.8500E+0,500.0000E-3,21.3092E-9,3.8500E+0,1.0000E+0,19.7867E-6,3.8500E+0,1.5000E+0,235.8914E-6,3.8500E+0,2.0000E+0,706.3900E-6,3.8500E+0,2.5000E+0,1.3898E-3,3.8500E+0,3.0000E+0,2.2467E-3,3.8500E+0,3.5000E+0,3.2482E-3,3.8500E+0,4.0000E+0,4.3701E-3,3.8500E+0,4.5000E+0,5.5892E-3,3.8500E+0,5.0000E+0
34.0754E-12,3.9000E+0,0.0000E+0,-43.5020E-12,3.9000E+0,500.0000E-3,21.3104E-9,3.9000E+0,1.0000E+0,19.7934E-6,3.9000E+0,1.5000E+0,236.0059E-6,3.9000E+0,2.0000E+0,706.7110E-6,3.9000E+0,2.5000E+0,1.3904E-3,3.9000E+0,3.0000E+0,2.2477E-3,3.9000E+0,3.5000E+0,3.2496E-3,3.9000E+0,4.0000E+0,4.3722E-3,3.9000E+0,4.5000E+0,5.5922E-3,3.9000E+0,5.0000E+0
6.7011E-12,3.9500E+0,0.0000E+0,-43.1990E-12,3.9500E+0,500.0000E-3,21.3154E-9,3.9500E+0,1.0000E+0,19.8066E-6,3.9500E+0,1.5000E+0,236.0992E-6,3.9500E+0,2.0000E+0,706.9618E-6,3.9500E+0,2.5000E+0,1.3910E-3,3.9500E+0,3.0000E+0,2.2486E-3,3.9500E+0,3.5000E+0,3.2511E-3,3.9500E+0,4.0000E+0,4.3742E-3,3.9500E+0,4.5000E+0,5.5949E-3,3.9500E+0,5.0000E+0
9.4284E-12,4.0000E+0,0.0000E+0,-50.4719E-12,4.0000E+0,500.0000E-3,21.3220E-9,4.0000E+0,1.0000E+0,19.8142E-6,4.0000E+0,1.5000E+0,236.2126E-6,4.0000E+0,2.0000E+0,707.2728E-6,4.0000E+0,2.5000E+0,1.3916E-3,4.0000E+0,3.0000E+0,2.2496E-3,4.0000E+0,3.5000E+0,3.2525E-3,4.0000E+0,4.0000E+0,4.3761E-3,4.0000E+0,4.5000E+0,5.5976E-3,4.0000E+0,5.0000E+0
25.8934E-12,4.0500E+0,0.0000E+0,-42.1384E-12,4.0500E+0,500.0000E-3,21.3302E-9,4.0500E+0,1.0000E+0,19.8267E-6,4.0500E+0,1.5000E+0,236.3001E-6,4.0500E+0,2.0000E+0,707.5347E-6,4.0500E+0,2.5000E+0,1.3921E-3,4.0500E+0,3.0000E+0,2.2505E-3,4.0500E+0,3.5000E+0,3.2538E-3,4.0500E+0,4.0000E+0,4.3781E-3,4.0500E+0,4.5000E+0,5.6003E-3,4.0500E+0,5.0000E+0
2.8626E-12,4.1000E+0,0.0000E+0,-41.5828E-12,4.1000E+0,500.0000E-3,21.3474E-9,4.1000E+0,1.0000E+0,19.8342E-6,4.1000E+0,1.5000E+0,236.4020E-6,4.1000E+0,2.0000E+0,707.8017E-6,4.1000E+0,2.5000E+0,1.3927E-3,4.1000E+0,3.0000E+0,2.2514E-3,4.1000E+0,3.5000E+0,3.2552E-3,4.1000E+0,4.0000E+0,4.3800E-3,4.1000E+0,4.5000E+0,5.6029E-3,4.1000E+0,5.0000E+0
-470.8178E-15,4.1500E+0,0.0000E+0,-40.4212E-12,4.1500E+0,500.0000E-3,21.3721E-9,4.1500E+0,1.0000E+0,19.8452E-6,4.1500E+0,1.5000E+0,236.4805E-6,4.1500E+0,2.0000E+0,708.0748E-6,4.1500E+0,2.5000E+0,1.3932E-3,4.1500E+0,3.0000E+0,2.2523E-3,4.1500E+0,3.5000E+0,3.2566E-3,4.1500E+0,4.0000E+0,4.3818E-3,4.1500E+0,4.5000E+0,5.6053E-3,4.1500E+0,5.0000E+0
17.0548E-12,4.2000E+0,0.0000E+0,-39.4110E-12,4.2000E+0,500.0000E-3,21.3938E-9,4.2000E+0,1.0000E+0,19.8569E-6,4.2000E+0,1.5000E+0,236.5885E-6,4.2000E+0,2.0000E+0,708.3489E-6,4.2000E+0,2.5000E+0,1.3937E-3,4.2000E+0,3.0000E+0,2.2531E-3,4.2000E+0,3.5000E+0,3.2578E-3,4.2000E+0,4.0000E+0,4.3836E-3,4.2000E+0,4.5000E+0,5.6078E-3,4.2000E+0,5.0000E+0
-2.3395E-12,4.2500E+0,0.0000E+0,-43.0475E-12,4.2500E+0,500.0000E-3,21.4128E-9,4.2500E+0,1.0000E+0,19.8597E-6,4.2500E+0,1.5000E+0,236.6684E-6,4.2500E+0,2.0000E+0,708.6537E-6,4.2500E+0,2.5000E+0,1.3943E-3,4.2500E+0,3.0000E+0,2.2540E-3,4.2500E+0,3.5000E+0,3.2590E-3,4.2500E+0,4.0000E+0,4.3853E-3,4.2500E+0,4.5000E+0,5.6101E-3,4.2500E+0,5.0000E+0
-1.9355E-12,4.3000E+0,0.0000E+0,-39.2090E-12,4.3000E+0,500.0000E-3,21.6430E-9,4.3000E+0,1.0000E+0,19.8691E-6,4.3000E+0,1.5000E+0,236.7660E-6,4.3000E+0,2.0000E+0,708.9277E-6,4.3000E+0,2.5000E+0,1.3948E-3,4.3000E+0,3.0000E+0,2.2549E-3,4.3000E+0,3.5000E+0,3.2603E-3,4.3000E+0,4.0000E+0,4.3871E-3,4.3000E+0,4.5000E+0,5.6126E-3,4.3000E+0,5.0000E+0
12.4082E-12,4.3500E+0,0.0000E+0,-33.5523E-12,4.3500E+0,500.0000E-3,21.5387E-9,4.3500E+0,1.0000E+0,19.8771E-6,4.3500E+0,1.5000E+0,236.8471E-6,4.3500E+0,2.0000E+0,709.1897E-6,4.3500E+0,2.5000E+0,1.3953E-3,4.3500E+0,3.0000E+0,2.2557E-3,4.3500E+0,3.5000E+0,3.2615E-3,4.3500E+0,4.0000E+0,4.3888E-3,4.3500E+0,4.5000E+0,5.6148E-3,4.3500E+0,5.0000E+0
-5.6729E-12,4.4000E+0,0.0000E+0,-21.9360E-12,4.4000E+0,500.0000E-3,21.4734E-9,4.4000E+0,1.0000E+0,19.8854E-6,4.4000E+0,1.5000E+0,236.9448E-6,4.4000E+0,2.0000E+0,709.4421E-6,4.4000E+0,2.5000E+0,1.3958E-3,4.4000E+0,3.0000E+0,2.2565E-3,4.4000E+0,3.5000E+0,3.2628E-3,4.4000E+0,4.0000E+0,4.3905E-3,4.4000E+0,4.5000E+0,5.6169E-3,4.4000E+0,5.0000E+0
-9.4609E-12,4.4500E+0,0.0000E+0,-17.9964E-12,4.4500E+0,500.0000E-3,21.5019E-9,4.4500E+0,1.0000E+0,19.8871E-6,4.4500E+0,1.5000E+0,237.0247E-6,4.4500E+0,2.0000E+0,709.7556E-6,4.4500E+0,2.5000E+0,1.3963E-3,4.4500E+0,3.0000E+0,2.2574E-3,4.4500E+0,3.5000E+0,3.2640E-3,4.4500E+0,4.0000E+0,4.3921E-3,4.4500E+0,4.5000E+0,5.6191E-3,4.4500E+0,5.0000E+0
13.8224E-12,4.5000E+0,0.0000E+0,7.1051E-12,4.5000E+0,500.0000E-3,21.4982E-9,4.5000E+0,1.0000E+0,19.8994E-6,4.5000E+0,1.5000E+0,237.1267E-6,4.5000E+0,2.0000E+0,710.0019E-6,4.5000E+0,2.5000E+0,1.3969E-3,4.5000E+0,3.0000E+0,2.2582E-3,4.5000E+0,3.5000E+0,3.2651E-3,4.5000E+0,4.0000E+0,4.3937E-3,4.5000E+0,4.5000E+0,5.6212E-3,4.5000E+0,5.0000E+0
-8.4003E-12,4.5500E+0,0.0000E+0,-622.3355E-15,4.5500E+0,500.0000E-3,21.4956E-9,4.5500E+0,1.0000E+0,19.9090E-6,4.5500E+0,1.5000E+0,237.2329E-6,4.5500E+0,2.0000E+0,710.2769E-6,4.5500E+0,2.5000E+0,1.3974E-3,4.5500E+0,3.0000E+0,2.2590E-3,4.5500E+0,3.5000E+0,3.2662E-3,4.5500E+0,4.0000E+0,4.3954E-3,4.5500E+0,4.5000E+0,5.6233E-3,4.5500E+0,5.0000E+0
-10.8751E-12,4.6000E+0,0.0000E+0,-4.7639E-12,4.6000E+0,500.0000E-3,21.4990E-9,4.6000E+0,1.0000E+0,19.9131E-6,4.6000E+0,1.5000E+0,237.3292E-6,4.6000E+0,2.0000E+0,710.5505E-6,4.6000E+0,2.5000E+0,1.3979E-3,4.6000E+0,3.0000E+0,2.2598E-3,4.6000E+0,3.5000E+0,3.2675E-3,4.6000E+0,4.0000E+0,4.3969E-3,4.6000E+0,4.5000E+0,5.6253E-3,4.6000E+0,5.0000E+0
-1.4810E-12,4.6500E+0,0.0000E+0,2.7615E-12,4.6500E+0,500.0000E-3,21.4731E-9,4.6500E+0,1.0000E+0,19.9232E-6,4.6500E+0,1.5000E+0,237.4075E-6,4.6500E+0,2.0000E+0,710.7792E-6,4.6500E+0,2.5000E+0,1.3985E-3,4.6500E+0,3.0000E+0,2.2606E-3,4.6500E+0,3.5000E+0,3.2686E-3,4.6500E+0,4.0000E+0,4.3984E-3,4.6500E+0,4.5000E+0,5.6274E-3,4.6500E+0,5.0000E+0
-9.3094E-12,4.7000E+0,0.0000E+0,9.4284E-12,4.7000E+0,500.0000E-3,21.4874E-9,4.7000E+0,1.0000E+0,19.9342E-6,4.7000E+0,1.5000E+0,237.5061E-6,4.7000E+0,2.0000E+0,711.0346E-6,4.7000E+0,2.5000E+0,1.3989E-3,4.7000E+0,3.0000E+0,2.2614E-3,4.7000E+0,3.5000E+0,3.2697E-3,4.7000E+0,4.0000E+0,4.3999E-3,4.7000E+0,4.5000E+0,5.6294E-3,4.7000E+0,5.0000E+0
-19.4106E-12,4.7500E+0,0.0000E+0,589.8060E-15,4.7500E+0,500.0000E-3,21.5155E-9,4.7500E+0,1.0000E+0,19.9422E-6,4.7500E+0,1.5000E+0,237.5771E-6,4.7500E+0,2.0000E+0,711.2501E-6,4.7500E+0,2.5000E+0,1.3994E-3,4.7500E+0,3.0000E+0,2.2621E-3,4.7500E+0,3.5000E+0,3.2708E-3,4.7500E+0,4.0000E+0,4.4014E-3,4.7500E+0,4.5000E+0,5.6313E-3,4.7500E+0,5.0000E+0
10.2365E-12,4.8000E+0,0.0000E+0,-9.1579E-12,4.8000E+0,500.0000E-3,21.5315E-9,4.8000E+0,1.0000E+0,19.9515E-6,4.8000E+0,1.5000E+0,237.6742E-6,4.8000E+0,2.0000E+0,711.5136E-6,4.8000E+0,2.5000E+0,1.3999E-3,4.8000E+0,3.0000E+0,2.2629E-3,4.8000E+0,3.5000E+0,3.2719E-3,4.8000E+0,4.0000E+0,4.4028E-3,4.8000E+0,4.5000E+0,5.6332E-3,4.8000E+0,5.0000E+0
-9.3599E-12,4.8500E+0,0.0000E+0,993.8717E-15,4.8500E+0,500.0000E-3,21.5985E-9,4.8500E+0,1.0000E+0,19.9605E-6,4.8500E+0,1.5000E+0,237.7406E-6,4.8500E+0,2.0000E+0,711.7694E-6,4.8500E+0,2.5000E+0,1.4003E-3,4.8500E+0,3.0000E+0,2.2637E-3,4.8500E+0,3.5000E+0,3.2729E-3,4.8500E+0,4.0000E+0,4.4043E-3,4.8500E+0,4.5000E+0,5.6351E-3,4.8500E+0,5.0000E+0
-8.4003E-12,4.9000E+0,0.0000E+0,-12.9458E-12,4.9000E+0,500.0000E-3,22.0807E-9,4.9000E+0,1.0000E+0,19.9677E-6,4.9000E+0,1.5000E+0,237.8214E-6,4.9000E+0,2.0000E+0,712.0339E-6,4.9000E+0,2.5000E+0,1.4008E-3,4.9000E+0,3.0000E+0,2.2644E-3,4.9000E+0,3.5000E+0,3.2741E-3,4.9000E+0,4.0000E+0,4.4058E-3,4.9000E+0,4.5000E+0,5.6368E-3,4.9000E+0,5.0000E+0
2.9636E-12,4.9500E+0,0.0000E+0,-21.4814E-12,4.9500E+0,500.0000E-3,21.5104E-9,4.9500E+0,1.0000E+0,19.9764E-6,4.9500E+0,1.5000E+0,237.9157E-6,4.9500E+0,2.0000E+0,712.2686E-6,4.9500E+0,2.5000E+0,1.4013E-3,4.9500E+0,3.0000E+0,2.2651E-3,4.9500E+0,3.5000E+0,3.2751E-3,4.9500E+0,4.0000E+0,4.4072E-3,4.9500E+0,4.5000E+0,5.6387E-3,4.9500E+0,5.0000E+0
2.9131E-12,5.0000E+0,0.0000E+0,2.4080E-12,5.0000E+0,500.0000E-3,21.4563E-9,5.0000E+0,1.0000E+0,19.9846E-6,5.0000E+0,1.5000E+0,237.9803E-6,5.0000E+0,2.0000E+0,712.5402E-6,5.0000E+0,2.5000E+0,1.4018E-3,5.0000E+0,3.0000E+0,2.2659E-3,5.0000E+0,3.5000E+0,3.2762E-3,5.0000E+0,4.0000E+0,4.4086E-3,5.0000E+0,4.5000E+0,5.6405E-3,5.0000E+0,5.0000E+0
