200,0.081952314030409298
201.85243819740947,0.082162348275973698
203.72203403119505,0.082135764950119081
205.60894641866196,0.08293116622976382
207.51333574903717,0.082123736739048381
209.43536389710405,0.082438530403358773
211.37519423696079,0.082519910885476763
213.33299165590776,0.082353356119193935
215.30892256846317,0.08309306092850334
217.30315493050767,0.08222991460532042
219.31585825356197,0.082176002074325835
221.34720361919469,0.082581526537644862
223.3973636935645,0.082613376068535554
225.46651274209745,0.08267970084929574
227.55482664429826,0.083284398636315288
229.66248290870223,0.082475788329015642
231.78966068796211,0.082697283114697082
233.93654079407693,0.083619936430238254
236.10330571376113,0.082605021188732725
238.29013962395518,0.082250032404960066
240.49722840748245,0.082630131506191667
242.72475966884809,0.082617505350126075
244.97292275018614,0.082889027973507279
247.24190874735382,0.081956853416791153
249.53191052617393,0.082679853090449076
251.84312273883017,0.0822472576924905
254.17574184041163,0.08245178649819411
256.529966105612,0.083107984699807458
258.90599564558323,0.082757354073043743
261.30403242494424,0.082524133654417769
263.72428027894966,0.083307985835194692
266.16694493081496,0.083035520707023941
268.63223400920305,0.08283622938000948
271.1203570658738,0.082892187027093334
273.63152559349436,0.083004056672261614
276.16595304361846,0.082900542342841915
278.7238548448284,0.08285119190315296
281.30544842104729,0.083178422264378882
283.9109532100203,0.083670500372988246
286.54059068196619,0.083399300678619476
289.19458435840392,0.083010332804725889
291.87315983115127,0.083236730073879536
294.57654478150067,0.083619658033010233
297.30496899957143,0.082552081019585388
300.05866440384364,0.082867258371732269
302.8378650608704,0.083284383638136616
305.64280720517388,0.082578559612195832
308.47372925932581,0.082861908209541285
311.33087185421243,0.083897676333244492
314.21447784949004,0.082958886819997288
317.12479235422745,0.08352048695379044
320.06206274774001,0.082542523476337226
323.02653870061823,0.084302847693555699
326.01847219594822,0.082356424231431163
329.03811755073247,0.083837284193639894
332.0857314375059,0.083183061250845763
335.16157290615342,0.083678851369908519
338.26590340592975,0.083019000603515594
341.39898680768158,0.08331203937760151
344.56108942627878,0.083205395974767365
347.7524800432501,0.083317329936493684
350.97342992963007,0.08349738403293909
354.22421286901778,0.083649818511722776
357.50510518084707,0.083319692431394907
360.81638574387654,0.083559172852260402
364.15833601989249,0.083007464619048732
367.5312400776341,0.083929328129724728
370.93538461693987,0.083105100698532719
374.37105899311587,0.084172885143847104
377.8385552415333,0.084261637500842201
381.33816810245042,0.083113322970555154
384.87019504606604,0.083296257778184016
388.43493629780528,0.083604352403631316
392.03269486383715,0.083254600856275271
395.66377655683289,0.08332212594520999
399.32849002195866,0.083703347589324933
403.02714676311172,0.083607715117188897
406.76006116939641,0.083076077530362669
410.52755054185042,0.083736390493566307
414.32993512041378,0.08271533609994422
418.16753811115001,0.08306261639187304
422.04068571371931,0.083011546807765305
425.9497071491042,0.083317115334667846
429.89493468759611,0.083574125460297966
433.87670367703686,0.083208417536898338
437.89535257132411,0.084613991755184831
441.95122295918065,0.08437948447436007
446.0446595931877,0.083361752028475192
450.17601041909234,0.084008164827079124
454.34562660538103,0.084222733699637342
458.55386257312972,0.083688998744346613
462.80107602613083,0.084119615718301219
467.08762798129584,0.08427615230853569
471.41388279934557,0.083965735813450654
475.78020821577871,0.083837220399245516
480.18697537213035,0.084768722417795317
484.63455884752011,0.083847207005525518
489.12333669048934,0.084087175310898696
493.65369045113846,0.085120026298127413
498.2260052135577,0.084012235752092199
502.84066962855934,0.084226210107980731
507.49807594671432,0.08471868016499233
512.19862005169193,0.083635242063207979
516.94270149391275,0.084332807133218862
521.73072352450959,0.083967224393312972
526.563093129604,0.084582644294222534
531.44022106490127,0.084596506794752183
536.36252189060303,0.08459044782385447
541.3304140066482,0.084565305556819459
546.34431968827528,0.083944473717075696
551.40466512191654,0.084888418283277034
556.51188044142521,0.084815459970743606
561.66639976463455,0.08464778872945207
566.86866123026186,0.084795596848135146
572.11910703514843,0.084435400020200141
577.41818347184687,0.084213317086783368
582.76634096655766,0.08497304075757911
588.16403411741271,0.085038701532269279
593.61172173312048,0.085067585093778694
599.10986687196271,0.083960095534985499
604.65893688115523,0.084706418159913616
610.25940343657408,0.085326254858879291
615.91174258284525,0.085450450804378089
621.61643477381278,0.085622215025389761
627.37396491337529,0.085036558105972979
633.18482239670413,0.085901471899177823
639.04950115184272,0.085238159899272067
644.9684996816884,0.085848454785593664
650.9423211063696,0.087463619656780262
656.97147320600868,0.085497954982058394
663.05646846388458,0.086001349303024249
669.19782410999494,0.085315792860173309
675.39606216501818,0.086407915342639557
681.6517094846904,0.085752590097349507
687.96529780458491,0.086291184303491572
694.33736378531194,0.086349842682620498
700.76844905813516,0.086041826194694707
707.25910027100849,0.086599723264735001
713.80986913504603,0.085977023974966149
720.42131247141401,0.085759506916764996
727.09399225866355,0.085620937714319362
733.82847568049874,0.085812998165701107
740.62533517398538,0.086226444217715525
747.48514847821275,0.086822108806375531
754.40849868339956,0.086871535066093908
761.39597428045681,0.085513221476093582
768.44816921101221,0.087431228633755922
775.56568291789154,0.086302086661625685
782.74912039607682,0.085372129458810828
789.99909224412852,0.086949795133248381
797.31621471608776,0.086828757683776292
804.70110977385866,0.086292998285306427
812.1544051400731,0.087713677461997777
819.67673435145218,0.086955737020679033
827.26873681265477,0.087397526859250396
834.93105785062698,0.087366814471422569
842.66434876945777,0.086950792113003411
850.46926690573639,0.087465893345531551
858.34647568443143,0.087570897710550058
866.29664467527959,0.087578373743764426
874.32044964970044,0.088037975234860746
882.41857263823795,0.087294828332768082
890.59170198853099,0.087488950574364593
898.84053242382845,0.088556204342909103
907.1657651020372,0.087711398382145866
915.56810767532329,0.088746820374826577
924.04827435026255,0.088316139551687434
932.60698594854625,0.089047624016718757
941.24496996825621,0.086778383104280307
949.96296064569992,0.087981928673557599
958.76169901782146,0.087757684554212664
967.64193298519149,0.087987174400377899
976.60441737557596,0.088588518643913206
985.64991400810266,0.089494426966002183
994.77919175801253,0.08792016173797132
1003.9930266220159,0.087752070948157526
1013.2922017842536,0.087957540523680641
1022.6775076828652,0.089043664262508301
1032.1497420771816,0.088774896883078686
1041.7097101155321,0.08808107803728836
1051.3582244036838,0.088357308643976451
1061.0961050739149,0.087751841774085113
1070.9241798547214,0.089427042783288446
1080.8432841411829,0.09069785773305622
1090.8542610659672,0.08891093427124433
1100.9579615709936,0.08886816549021341
1111.1552444797755,0.089327689512246539
1121.4469765704064,0.091274530177330712
1131.8340326492485,0.090896106625246359
1142.317295625287,0.09073965200444245
1152.8976565851747,0.090029881281609381
1163.5760148689872,0.088886948454674625
1174.3532781466511,0.090791224414462357
1185.2303624951105,0.090912232828833942
1196.208192476189,0.090702771857854927
1207.2877012151728,0.090633203367182696
1218.4698304801423,0.091267665445326648
1229.7555307620046,0.090481265259519356
1241.1457613553002,0.091241374876487286
1252.6414904397384,0.091140568604338085
1264.2436951624909,0.091439512510952267
1275.9533617212564,0.090763437653979095
1287.7714854480839,0.09231579661605685
1299.6990708939777,0.090795187383639689
1311.7371319142871,0.092237086386749934
1323.8866917548789,0.091874426547104537
1336.148783139123,0.091816853257997919
1348.5244483556685,0.092687573942737286
1361.0147393470413,0.09284383117420221
1373.6207177990614,0.093031885407228232
1386.3434552310814,0.093175219322650535
1399.1840330870748,0.092341979651217099
1412.1435428275547,0.092743761077083653
1425.2230860223492,0.093522861466702967
1438.4237744442387,0.093838591930491988
1451.7467301634506,0.093730923420993789
1465.1930856430461,0.093700942489565467
1478.7639838351731,0.095458066046289147
1492.4605782782214,0.092835345056653043
1506.2840331948751,0.096121686484874957
1520.2355235910661,0.095464411820123676
1534.3162353558605,0.095186813843631063
1548.5273653622539,0.095922844801679424
1562.8701215689084,0.095804189151764751
1577.345723122831,0.095123909559025333
1591.9554004629972,0.096042725209107296
1606.7003954249469,0.096779705092782234
1621.5819613463373,0.095590998323307225
1636.6013631734779,0.095731389108208512
1651.7598775688543,0.09561435765068009
1667.0587930196391,0.097425724218336021
1682.4994099472235,0.096831240415938394
1698.0830408177494,0.097520188942570932
1713.8110102536693,0.096837898206051251
1729.6846551463454,0.096862777183045395
1745.7053247696761,0.09708913513265624
1761.8743808947982,0.097206345563759775
1778.1931979058318,0.098396285254624238
1794.6631629167039,0.099691975477107952
1811.2856758890589,0.098467826042786311
1828.0621497512464,0.09781374679226422
1844.9940105184348,0.099844813423776269
1862.0826974138149,0.10030702725431767
1879.329662990938,0.099482033064999004
1896.7363732571855,0.10127837504125575
1914.304307798373,0.10131158362002247
1932.0349599045292,0.10149001755976492
1949.9298366968173,0.10041627286697308
1967.9904592556454,0.099975479114478349
1986.2183627499599,0.10239166358025424
2004.6150965677307,0.10167339748634904
2023.1822244476593,0.101141834257372
2041.9213246120933,0.10244797359802972
2060.8339899011753,0.10183975946015866
2079.9218279082406,0.10179699953759237
2099.1864611164551,0.10236357054701649
2118.62952703674,0.10251314868924769
2138.2526783469521,0.10358695384820255
2158.0575830323673,0.10340997180715522
2178.045924527461,0.10458375553644732
2198.2194018589944,0.10293229684651996
2218.5797297904455,0.10558394262851437
2239.1286389677566,0.10312789336120133
2259.8678760664434,0.10405830697625941
2280.799203940066,0.10527926277103436
2301.9244017700644,0.10489038279517043
2323.2452652170036,0.10676676186488084
2344.7636065731995,0.10571491973782882
2366.4812549167559,0.105619853827099
2388.4000562670649,0.10736459415256908
2410.5218737416849,0.106004062103663
2432.8485877147359,0.10605565132129487
2455.3820959767208,0.10641802297270429
2478.1243138958312,0.10714453176984905
2501.0771745807824,0.10815792439854086
2524.2426290450944,0.10890336716156757
2547.6226463729572,0.10775034986044355
2571.219213886593,0.1076460544432421
2595.0343373151736,0.10956701962341567
2619.0700409653355,0.1086963179733943
2643.3283678932103,0.10884964213047769
2667.8113800781175,0.10988353344983499
2692.5211585978223,0.11016432066481606
2717.4598038054182,0.107886471521058
2742.6294355078912,0.10954982819904341
2768.0321931462631,0.11060791122961376
2793.6702359774795,0.11141988727992262
2819.5457432579356,0.11109705661246186
2845.660914428704,0.11105623439109513
2872.0179693025211,0.11132858697496374
2898.6191482524332,0.11238098948425813
2925.4667124022599,0.11138717137848879
2952.5629438187821,0.11258399683866396
2979.9101457057072,0.11187537100220579
3007.5106425994768,0.11273980375742156
3035.3667805668106,0.11199572455540294
3063.4809274041595,0.11027860121457717
3091.8554728389568,0.11353129815795743
3120.4928287327361,0.11354074871524893
3149.3954292861736,0.11345014165145326
3178.5657312459562,0.11340503287277191
3208.00621411364,0.11253266836033307
3237.7193803563982,0.11346590808951847
3267.707755619721,0.11283705879492184
3297.9738889421301,0.11372670387399147
3328.5203529718074,0.11426560487363896
3359.3497441853065,0.11527601969738983
3390.4646831082428,0.11511521823184623
3421.8678145380268,0.11506105619329923
3453.5618077687122,0.11355293892516037
3485.5493568178385,0.11309357126810107
3517.8331806554652,0.11453367000449728
3550.4160234352721,0.11444327961891614
3583.3006547277992,0.11340526893436939
3616.4898697559038,0.11272643206655857
3649.9864896323047,0.11351882505324845
3683.7933615994216,0.11260723350149023
3717.9133592713765,0.11381241012561148
3752.3493828782389,0.11272718887568631
3787.1043595125907,0.11314860361966947
3822.1812433782757,0.1114491625944983
3857.5830160415558,0.11355661284917752
3893.3126866845264,0.11348523517663293
3929.3732923608891,0.11362254288099211
3965.7678982541433,0.11131135238267861
4002.4995979380737,0.1127836740090328
4039.5715136397571,0.11338820867315474
4076.9867965049284,0.10997725461334519
4114.7486268658231,0.11067434165402806
4152.8602145115492,0.10905508781591793
4191.3247989608662,0.11116327611072127
4230.1456497375893,0.11000610615488024
4269.3260666484912,0.10969058744807962
4308.8693800637639,0.10921809718732871
4348.77895120016,0.10952665540169698
4389.0581724066278,0.10795562780531257
4429.7104674527191,0.10602876152108026
4470.7392918195928,0.10795105805577723
4512.1481329937178,0.10593993847476196
4553.9405107633602,0.1062701561657412
4596.119977517702,0.10665999410038166
4638.690118548855,0.10251190309452873
4681.6545523565892,0.10415131352674258
4725.0169309558896,0.10304304542108443
4768.780940187441,0.10165883779167559
4812.9503000308478,0.10340751294826586
4857.5287649209004,0.098930814841671225
4902.5201240666793,0.098565963721351818
4947.9282017736232,0.098611774334931956
4993.7568577686534,0.093068481427166394
5040.009987528184,0.096691405258158586
5086.691522609296,0.095230980526049488
5133.8054309839035,0.089172257807527439
5181.3557173760119,0.09279408586540383
5229.3464236021837,0.093094752244568549
5277.7816289150205,0.082160065345946776
5326.6654503499622,0.088810026546739113
5376.0020430752147,0.088088741246603888
5425.7956007449293,0.085561113434830971
5476.0503558557148,0.086165485294410038
5526.7705801063403,0.081227268071355857
5577.9605847608791,0.071627123390037822
5629.6247210151623,0.08005000487291794
5681.7673803666075,0.077937091272985023
5734.3929949875401,0.068773550504531544
5787.5060381019002,0.075266695829836722
5841.1110243654903,0.072980625672069727
5895.2125102497166,0.065033442003149339
5949.8150944288809,0.069201840542101573
6004.9234181710981,0.067480929186300345
6060.5421657327925,0.062295562743706429
6116.6760647568635,0.062488267992668392
6173.329886674549,0.05940819376852708
6230.5084471109758,0.056832420393721869
6288.2166062945298,0.041306553702064222
6346.4592694699531,0.050550152585868112
6405.2413873153,0.051958475054321079
6464.5679563627618,0.043249395511836375
6524.4440194233393,0.044168117016895284
6584.8746660155375,0.042720266585427463
6645.8650327979431,0.038235705876119672
6707.4203040058574,0.022345069283922152
6769.5457118919667,0.033939689754161
6832.2465371710568,0.033541393846168562
6895.5281094689281,0.025003767645245617
6959.3958077753832,0.013337315876828479
7023.8550609014555,0.023284822555140371
7088.9113479408716,0.020006118109392387
7154.5701987357461,0.0086741143437171955
7220.8371943466746,0.0045181498451878147
7287.7179675270891,0.0099653927130078437
7355.218203202061,0.0057129908069137002
7423.3436389515336,-0.0053758739073678126
7492.1000654979862,-0.0079002215448748959
7561.4933271986984,-0.0068575387034364808
7631.5293225425048,-0.0088455282736446678
7702.2140046511377,-0.019669610935709646
7773.5533817853348,-0.028598587275616792
7845.5535178554392,-0.022831833487685721
7918.2205329369172,-0.024577883635637482
7991.5606037905472,-0.035230150530628078
8065.5799643874097,-0.048993956480067491
8140.2849064388784,-0.040637063821351398
8215.6817799312939,-0.045008544838407175
8291.7769936658224,-0.049448223597130747
8368.5770158031701,-0.064463728942984341
8446.0883744133444,-0.065058781172375749
8524.3176580306499,-0.064805420050695714
8603.2715162135901,-0.068562824647294976
8682.9566601101851,-0.076776955556624962
8763.3798630283909,-0.094994277438128882
8844.5479610117945,-0.087945723939962667
8926.4678534207942,-0.090395187766192861
9009.1465035189158,-0.096671711210717798
9092.5909390647994,-0.10563899930431517
9176.8082529095227,-0.11726378449966127
9261.8056035994741,-0.11452111948837054
9347.5902159849265,-0.11960724961913236
9434.1693818340336,-0.12556384961107855
9521.5504604527378,-0.13435824604515734
9609.7408793102677,-0.15152945491259728
9698.7481346704662,-0.14476923984599557
9788.579792229064,-0.15214276352267331
9879.2434877566411,-0.15771607025220871
9970.7469277477867,-0.16670207588515185
10063.097890076113,-0.18620453310370799
10156.304224655341,-0.18177857090928834
10250.373854106665,-0.18505381822604486
10345.314774432039,-0.19263626193649835
10441.135055693951,-0.1993515571040263
10537.842842701353,-0.21341316325005202
10635.446355701933,-0.22350686882725429
10733.953891080953,-0.22268162896348165
10833.373822066304,-0.2307471426641588
10933.71459944036,-0.24091258563265777
11034.984752258257,-0.24791138629217552
11137.192888572818,-0.26073730515081783
11240.347696166376,-0.27082775998179431
11344.457943289086,-0.27256030000570836
11449.532479404357,-0.28218226703371546
11555.580235941014,-0.28955854548192916
11662.610227052439,-0.29763520149289624
11770.631550382901,-0.31301971735017642
11879.653387840714,-0.32698985323694685
11989.685006378817,-0.32722506317296707
12100.735758782448,-0.33436723380643657
12212.815084464073,-0.34580815601118448
12325.932510265884,-0.35173100852992056
12440.097651269423,-0.36647834256569561
12555.320211613,-0.38674046545175644
12671.609985316507,-0.38957704513015118
12788.976857113874,-0.39883858535538408
12907.430803293404,-0.40543539092834802
13026.981892545606,-0.41672827784206695
13147.640286819171,-0.42760129773895345
13269.416242184701,-0.43968431945056463
13392.32010970643,-0.46099474281828934
13516.362336322221,-0.46504500726524434
13641.553465731371,-0.47275287633419305
13767.904139290993,-0.48379510362655243
13895.42509692048,-0.49818273753910292
14024.127178014354,-0.5077983394873129
14154.021322363778,-0.5193711445181729
14285.118571086252,-0.53523603370585837
14417.43006756427,-0.55653383332832695
14550.967058392465,-0.55654378070518584
14685.740894333516,-0.56921703003341884
14821.763031283139,-0.58069686984353952
14959.045031243642,-0.59591960995972237
15097.598563306863,-0.60939270006276902
15237.435404645998,-0.62354965512638749
15378.56744151661,-0.63925883465481004
15521.006670267143,-0.66335783138783988
15664.765198358393,-0.66688526960514127
15809.855245392839,-0.67792915597469383
15956.289144153257,-0.69456778737623659
16104.07934165094,-0.70920918701572222
16253.238400183893,-0.72368048394743745
16403.778998404407,-0.73833216661419643
16555.713932396942,-0.75143178039253955
16709.056116765743,-0.77805910139434431
16863.818585732504,-0.79299256089416947
17020.014494244493,-0.80073574074724974
17177.657119092499,-0.81719714915196306
17336.759860039547,-0.83458120994343676
17497.336240959827,-0.84856102393666821
17659.399910988184,-0.87099004969140703
17822.964645680404,-0.88280835426190574
17988.044348184088,-0.90059080309673145
18154.653050420449,-0.92262222241886782
18322.80491427704,-0.95139496996732342
18492.514232811485,-0.9554185984159218
18663.795431466478,-0.97256472560095508
18836.663069295901,-0.99246263329112483
19011.131840202383,-1.0098228141500463
19187.216574186292,-1.0314707233077187
19364.932238606249,-1.0565865768622764
19544.293939451447,-1.0675164815812908
19725.316922625643,-1.0838341721713298
19908.016575243037,-1.110465706157385
20092.408426936265,-1.1431300277206833
20278.508151176309,-1.1548547109116953
20466.331566604898,-1.1685702144992489
20655.894638379028,-1.1890800957625862
20847.213479528025,-1.208689951888378
21040.304352323179,-1.2311541969994308
21235.183669660004,-1.2616721431335285
21431.867996453424,-1.2859146227562304
21630.374051045761,-1.3020734528558426
21830.71870662782,-1.3242067647354416
22032.918992673141,-1.3473164552674477
22236.99209638542,-1.3745959168503743
22442.955364159607,-1.4050931474806667
22650.826303056227,-1.4157683659100704
22860.622582289572,-1.4455917570333285
23072.362034729569,-1.4665581884668297
23286.062658417537,-1.4918703045256447
23501.742618096148,-1.5195811025237522
23719.420246753387,-1.5575450840305118
23939.114047180858,-1.5710367948105621
24160.84269354658,-1.5916502829138082
24384.625032982214,-1.620323701890366
24610.480087185231,-1.646298929335321
24838.427054035667,-1.6733602248959476
25068.485309227988,-1.7083851909500107
25300.674407918075,-1.7379398866738196
25535.014086385312,-1.7566883631556713
25771.524263710358,-1.7841057959724402
26010.22504346817,-1.811103393739582
26251.136715436856,-1.839411568438079
26494.279757322351,-1.8788360610904666
26739.674836498929,-1.9116518026275515
26987.342811766131,-1.9296825474577586
27237.304735121626,-1.9584936246506985
27489.581853550761,-1.9907427836557492
27744.195610832419,-2.0227773682900403
28001.167649361949,-2.054403505944852
28260.519811990674,-2.0847960540656847
28522.274143882565,-2.1176666401192521
28786.45289438816,-2.1658907012628297
29053.078518935625,-2.1812501878784873
29322.17368093969,-2.217306802005218
29593.761253727927,-2.2471423732397353
29867.864322485035,-2.2832342972211075
30144.506186215141,-2.3135535415578206
30423.710359722096,-2.3551158851581846
30705.500575608454,-2.3898015735720386
30989.900786292634,-2.4207565727969946
31276.935166044928,-2.4512667636918244
31566.628113042359,-2.4914988030550473
31859.00425144246,-2.5235847100754434
32154.088433476474,-2.5728878673574087
32451.905741561746,-2.6073474644595862
32752.481490433751,-2.6440815311831716
33055.841229297912,-2.6769686658229288
33362.010744001185,-2.7176054016488038
33671.01605922405,-2.7571836343452572
33982.883440692523,-2.7902759982539767
34297.639397410785,-2.8302357967888438
34615.310683914518,-2.8712287831410368
34935.92430254491,-2.9053675401392161
35259.507505744114,-2.9522962153152861
35586.087798371547,-3.0021137726107208
35915.692940041896,-3.027738118897394
36248.350947484752,-3.0682029536234108
36584.09009692588,-3.1085255897685244
36922.938926490948,-3.1568315747168461
37264.926238631197,-3.1942931690962513
37610.081102571625,-3.2512147547290153
37958.432856782027,-3.2840898669220464
38310.011111470558,-3.3192332469533197
38664.845751100904,-3.3691628670819247
39022.966936932331,-3.4092560017271412
39384.405109583429,-3.459095469430689
39749.190991619682,-3.4978990108088439
40117.355590164683,-3.5593945249560188
40488.930199536073,-3.5964327361258732
40863.946403905407,-3.6336187017901578
41242.43607998285,-3.6843781865952745
41624.431399726782,-3.7280697877934657
42009.964833078302,-3.7753304388354216
42399.069150721421,-3.8255371223324062
42791.77742686843,-3.886116637361317
43188.123042071304,-3.9141978011222034
43588.139686059119,-3.9673602711856146
43991.861360601491,-4.0117502526472233
44399.322382399099,-4.0611454525049702
44810.557386000364,-4.1161633621602824
45225.601326745542,-4.172397162132726
45644.489483737969,-4.2159069296091181
46067.257462842623,-4.2592529097400025
46493.941199712957,-4.313556553744494
46924.576962845247,-4.3631239248908829
47359.201356661521,-4.421538504488157
47797.851324621006,-4.4760402429249302
48240.564152360137,-4.5191797829211406
48687.377470862208,-4.5646063018993415
49138.329259655802,-4.6255173068348849
49593.457850043204,-4.6813002448264758
50052.801928358385,-4.7407652264508364
50516.400539255694,-4.7942992875363712
50984.293089028462,-4.8387465869414488
51456.519348958645,-4.8945574903481317
51933.119458697445,-4.9515279221840984
52414.133929677053,-5.0076951587884997
52899.603648554403,-5.0558129866840673
53389.569880686417,-5.1251574374678945
53884.074273637641,-5.1709579244909811
54383.158860720381,-5.2299082139240083
54886.866064567308,-5.2797588166666873
55395.23870073782,-5.3378702336024286
55908.319981357134,-5.4011319310578418
56426.153518789411,-5.4725926277878383
56948.783329344958,-5.5120930226342839
57476.253837021322,-5.5717706469291937
58008.609877279836,-5.6285219569616931
58545.89670085632,-5.6737008572939542
59088.159977607604,-5.7411592860106477
59635.445800393471,-5.8067529077726956
60187.800688994423,-5.8603033533560902
60745.271594066231,-5.918821315134462
61307.905901130536,-5.9735725594694964
61875.751434602738,-6.0407344455617507
62448.856461857162,-6.1092356777736683
63027.269697329582,-6.163766991785641
63611.040306658404,-6.2208158080704345
64200.21791086343,-6.2866720104351064
64794.852590563904,-6.3474378247503269
65394.994890235357,-6.4011546793406682
66000.695822505702,-6.4710292921814228
66612.00687249178,-6.5324770676446073
67228.980002175289,-6.6061992505614011
67851.667654819845,-6.6493425677181683
68480.122759428516,-6.7228150461132765
69114.398735242794,-6.7828904897594526
69754.549496283551,-6.8466810724865486
70400.62945593358,-6.9065950077747829
71052.693531562792,-6.9771150864853766
71710.79714919634,-7.0359615052698476
72374.996248225609,-7.0962491726166803
73045.347286163509,-7.1618110961656942
73721.907243443158,-7.2263398239194343
74404.733628261325,-7.2933885824443756
75093.884481466739,-7.3601018742223161
75789.418381493349,-7.4340680346648647
76491.39444933999,-7.4920869278065343
77199.872353595347,-7.5548517178160655
77914.912315510024,-7.6174665957415932
78636.575114115403,-7.6869766087434135
79364.922091389642,-7.7790449470158585
80100.015157472226,-7.8283841035141002
80841.91679592611,-7.8987255802768921
81590.690069048986,-7.9440093414338886
82346.398623233574,-8.0241974956334872
83109.106694377508,-8.0992213438879528
83878.879113343733,-8.1633453523722999
84655.781311470972,-8.2249028961617725
85439.879326135619,-8.2904693195526598
86231.239806364567,-8.3668397792666696
87029.930018500992,-8.4347768216559693
87836.017851921715,-8.5005422489579967
88649.571824807907,-8.5578291480894411
89470.661089969362,-8.6275581910525041
90299.355440722036,-8.6973875772056086
91135.725316821277,-8.7804957113149626
91979.841810448765,-8.8464126180211462
92831.776672255553,-8.9278616725494118
93691.602317461002,-8.9785747890804242
94559.391832007823,-9.0587374543609371
95435.218978774908,-9.12597935263857
96319.158203847008,-9.1944668462650547
97211.284642842671,-9.2679313949571061
98111.674127301012,-9.3382372566207863
99020.403191127029,-9.4036154830197312
99937.549077097676,-9.4848645892995389
100863.18974342717,-9.5498621781160509
101797.40387039359,-9.6349226442260267
102740.27086702688,-9.6798930837039361
103691.87087785827,-9.74944664048855
104652.28478973324,-9.8391489889072954
105621.59423868662,-9.9066291926186718
106599.88161688176,-9.9780387641323411
107587.23007961406,-10.049953477023584
108583.72355237885,-10.124477069783994
109589.44673800575,-10.197693838556926
110604.48512385802,-10.281154179748523
111628.92498909921,-10.334026289232526
112662.85341202715,-10.420332667678148
113706.35827747507,-10.474131908538853
114759.52828428269,-10.572509433056601
115822.45295283517,-10.633701417262756
116895.22263267262,-10.709393813034749
117977.92851016998,-10.765767854860597
119070.6626162874,-10.863691398158936
120173.51783439374,-10.927250386371842
121286.58790816122,-11.008745367190029
122409.96744953393,-11.081055176289645
123543.75194676989,-11.146265239806059
124688.03777255729,-11.221720405153588
125842.92219220688,-11.291112456946276
127008.50337191924,-11.360468771447307
128184.880387129,-11.441612300567829
129372.15323092655,-11.52296160890484
130570.42282255695,-11.587891792090129
131779.79101599898,-11.673231634579528
133000.36060862234,-11.741458292636661
134232.23534992558,-11.811809817271646
135475.51995035502,-11.893158137343253
136730.32009020477,-11.961712336433546
137996.74242860035,-12.035580554435242
139274.89461256444,-12.090423799249715
140564.88528616689,-12.203061172564244
141866.82409975992,-12.259800133943312
143180.82171929776,-12.347705867567401
144506.98983574429,-12.421366056449134
145845.44117456625,-12.503427965724027
147196.28950531528,-12.546718924063494
148559.64965129836,-12.661117287070587
149935.63749933752,-12.71829750647888
151324.37000962108,-12.793204721735911
152725.96522564482,-12.86919709650042
154140.54228424607,-12.914066918280181
155568.2214257298,-13.027284751897746
157009.12400409018,-13.110106849731727
158463.37249732506,-13.170581949809002
159931.09051784693,-13.252250553691429
161412.40282299015,-13.32252295783146
162907.4353256149,-13.391346896144029
164416.31510481081,-13.48350132869105
165939.17041669815,-13.561836382237901
167476.13070532979,-13.633828321462971
169027.32661369443,-13.704483571239374
170592.88999482049,-13.790321039761867
172172.95392298489,-13.858060222418302
173767.65270502368,-13.94804729952657
175377.12189174854,-14.011653467271421
177001.49828946876,-14.077880945264326
178640.91997161938,-14.182125697925088
180295.52629049835,-14.24995917289132
181965.45788911116,-14.309292658444621
183650.85671312566,-14.412139510964771
185351.86602293767,-14.482293873099728
187068.63040584774,-14.571656154853363
188801.29578835206,-14.608801393306186
190550.00944854581,-14.691697010985003
192314.92002864194,-14.81351709126
194096.17754760614,-14.846039099444418
195893.93341390791,-14.904714028804207
197708.34043839146,-14.995799259389845
199539.55284726401,-15.063923005253123
201387.72629520542,-15.161797730273802
203253.01787859903,-15.210612720742912
205135.58614888438,-15.298809324233078
207035.59112603526,-15.414969386240154
208953.19431216083,-15.479147015713773
210888.55870523368,-15.531617315218746
212841.84881294493,-15.607696106681498
214813.23066668666,-15.703763606993288
216802.87183566618,-15.802949438625461
218810.94144114849,-15.879750630603201
220837.61017083202,-15.944425664181507
222883.05029335761,-16.029634031992195
224947.43567295038,-16.119390260145902
227030.94178419979,-16.200668441965153
229133.74572697427,-16.240474419265794
231256.02624147508,-16.347225309116475
233397.96372342951,-16.40516730646975
235559.74023942385,-16.514139050578926
237741.53954238066,-16.573157786598188
239943.54708717685,-16.639550634883975
242165.9500464079,-16.688829266169229
244408.93732629775,-16.777836198194585
246672.69958275519,-16.860579730042179
248957.42923758124,-16.961178990243024
251263.32049482403,-17.023461632162597
253590.56935728679,-17.105127013241411
255939.3736431883,-17.219145889131479
258309.93300297679,-17.269670795743341
260702.44893630178,-17.363672657763782
263117.12480914081,-17.393695491440933
265554.16587108583,-17.460062078916163
268013.77927279013,-17.564844032537792
270496.17408357508,-17.632177272187164
273001.56130920281,-17.742265765171346
275530.1539098107,-17.817456776502155
278082.16681801423,-17.911614798868545
280657.81695717463,-17.966032654109711
283257.32325983979,-18.04278466151731
285880.90668635216,-18.088048528096493
288528.79024363146,-18.220930645411016
291201.19900412997,-18.283311980005198
293898.36012496345,-18.33769331878122
296620.50286722084,-18.464284367535633
299367.85861545114,-18.531895134910329
302140.66089733085,-18.591508179080297
304939.14540351491,-18.665619301825259
307763.55000766926,-18.771963566380801
310614.11478669196,-18.835368616987132
313491.08204111899,-18.935703022200965
316394.69631571998,-18.937361318839841
319325.20442028536,-19.048372972250746
322282.85545060399,-19.143591667950975
325267.90080963849,-19.272562636458549
328280.59422889329,-19.291750759000259
331321.19178998272,-19.360868428757726
334389.95194639801,-19.471784655415266
337487.13554547518,-19.549325704260596
340613.00585056888,-19.618930516386214
343767.82856342912,-19.743570237658403
346951.87184678618,-19.752135358484615
350165.40634714504,-19.834186196346327
353408.70521778933,-19.944537563727348
356682.0441420016,-19.985462422693075
359985.70135649526,-20.129032248679803
363319.95767506538,-20.172168470496857
366685.09651245811,-20.258002358049755
370081.40390846046,-20.312664772069233
373509.16855221521,-20.380022834607686
376968.68180675909,-20.448683811754261
380460.23773378879,-20.556827937436747
383984.13311865699,-20.60980082519222
387540.66749559779,-20.684922263743587
391130.14317318983,-20.820220266374786
394752.8652600511,-20.861487579617162
398409.14169077383,-20.938187235134883
402099.28325209982,-20.912900380603652
405823.60360933561,-21.081291057696841
409582.41933301708,-21.244410740293603
413376.04992581642,-21.260691702883463
417204.81784970051,-21.309603251508413
421069.04855334118,-21.391987692490886
424969.07049977657,-21.485569582898023
428905.21519433352,-21.578223856865595
432877.81721280405,-21.588219522193075
436887.21422988526,-21.749936130340885
440933.74704788195,-21.783924851012241
445017.75962567388,-21.879224909398612
449139.59910795483,-21.936982271249818
453299.61585473857,-22.02217627031014
457498.16347114037,-22.137483775452651
461735.59883743391,-22.205637256378026
466012.28213938494,-22.225057577718843
470328.57689886971,-22.365097573738161
474684.85000477324,-22.434381299070751
479081.47174417588,-22.451363452303035
483518.81583382614,-22.598572115931908
487997.25945191004,-22.637932693204945
492517.18327010935,-22.758786083188664
497078.97148595972,-22.810233384935309
501683.01185550826,-22.881779639434239
506329.69572627108,-23.031226862200882
511019.41807050142,-23.014876594666745
515752.57751876011,-23.022767145850342
520529.5763938009,-23.195804102914863
525350.82074476767,-23.23100583533941
530216.72038170777,-23.356635397983531
535127.68891040911,-23.401076108152758
540084.14376755455,-23.510942927508204
545086.50625620561,-23.569600437470768
550135.20158161339,-23.636735170025599
555230.65888736024,-23.730137897704683
560373.31129183911,-23.747915416287789
565563.59592506825,-23.859743889720988
570801.9539658475,-24.026477638186137
576088.8306792595,-23.995103622962468
581424.67545451573,-24.069475532932959
586809.9418431574,-24.167639605515511
592245.08759760682,-24.302038414684457
597730.57471007656,-24.296635899284858
603266.86945183948,-24.413782802741217
608854.44241286058,-24.474376696904038
614493.76854180067,-24.550235804245318
620185.32718638529,-24.682883081311754
625929.6021341501,-24.690183574778256
631727.08165356389,-24.752607651286638
637578.25853552914,-24.879617599139451
643483.63013527438,-24.919738061484829
649443.69841462583,-25.002813608097021
655458.96998467646,-25.089037049495552
661529.95614884852,-25.144521003786025
667657.17294635216,-25.232681006215753
673841.14119605348,-25.330262159435044
680082.38654074131,-25.425092085029096
686381.43949180853,-25.439189393326863
692738.83547434688,-25.538651490947778
699155.11487265502,-25.545343805353017
705630.82307617669,-25.633599150751056
712166.51052585559,-25.741079786318551
718762.7327609252,-25.82534651699217
725420.05046612967,-25.947592864220344
732139.02951938054,-25.93580666093688
738920.24103986053,-26.005272376250844
745764.26143656671,-26.082256228840251
752671.67245730665,-26.175711857619444
759643.06123814732,-26.222986646642266
766679.02035332029,-26.264803042147676
773780.14786559518,-26.359343023416216
780947.04737711197,-26.470737547431806
788180.32808068953,-26.515923103533066
795480.60481160728,-26.562063001046422
802848.49809986434,-26.662105805765179
810284.63422292948,-26.712271307321195
817789.64525897207,-26.827100313466566
825364.16914059035,-26.873443161656137
833008.84970903699,-26.918868417721885
840724.33676894277,-27.073131506968231
848511.28614355542,-27.10437300823147
856370.35973048222,-27.125470960369015
864302.22555795335,-27.218300844886343
872307.5578416012,-27.279520187697184
880387.03704177495,-27.347170715199432
888541.34992137656,-27.389106753308909
896771.18960423721,-27.552930436485191
905077.25563403429,-27.518245631702595
913460.25403374946,-27.63448397371366
921920.89736568672,-27.66026461619375
930459.90479203791,-27.815096713960024
939078.00213601161,-27.789061766884821
947775.92194353126,-27.90886432636001
956554.40354549699,-27.986036806278719
965414.19312063663,-28.094727108672821
974356.0437589261,-28.190402870906844
983380.71552560525,-28.188660521658274
992488.97552578372,-28.229164463286263
1001681.5979696425,-28.27181005508475
1010959.3642382482,-28.382269300300639
1020323.0629499666,-28.468085817085399
1029773.4900274985,-28.509359584087314
1039311.4487655326,-28.610083913422116
1048937.7498990237,-28.705322853052184
1058653.2116721123,-28.717128024039834
1068458.6599076705,-28.788348402529667
1078354.9280775001,-28.905620621472281
1088342.8573731787,-28.910715719861603
1098423.2967775578,-28.967920311727411
1108597.1031369336,-29.073446756520521
1118865.1412338754,-29.179400488627401
1129228.2838607335,-29.31241574163672
1139687.4118938285,-29.228157217546084
1150243.4143683226,-29.309681067649443
1160897.1885537955,-29.375579452467274
1171649.6400305072,-29.459571993502422
1182501.6827663751,-29.57743998727063
1193454.2391946632,-29.598530995152444
1204508.2402923857,-29.642154843404761
1215664.625659446,-29.704121516996924
1226924.3435985011,-29.821307988559006
1238288.3511955682,-29.892127497810613
1249757.6144013789,-29.919635824928189
1261333.1081134812,-30.004420625003434
1273015.8162591143,-30.048704663674425
1284806.731878838,-30.183505962851047
1296706.8572109442,-30.216224657750544
1308717.2037766473,-30.279814492502481
1320838.792466061,-30.384759268276724
1333072.6536249826,-30.403775317995176
1345419.8271424673,-30.331706435706248
1357881.3625392213,-30.402799190160582
1370458.3190568129,-30.829750256137629
1383151.765747705,-30.788360179134667
1395962.7815661319,-30.734901817283159
1408892.4554598075,-30.810586942003738
1421941.8864624861,-30.921971181259007
1435112.1837873857,-30.926581967239017
1448404.4669214631,-31.055164542634248
1461819.8657205822,-31.142238613075133
1475359.5205055461,-31.18650903122483
1489024.5821590272,-31.223710497872055
1502816.2122233938,-31.354789351105588
1516735.5829994383,-31.332475324404669
1530783.8776460297,-31.469596310008569
1544962.2902806802,-31.456609695607902
1559272.0260810473,-31.615921504827611
1573714.3013873703,-31.70980991091578
1588290.3438058679,-31.788400923100944
1603001.3923130811,-31.877496995487999
1617848.6973611875,-31.935394278982912
1632833.5209842944,-31.949700003254872
1647957.1369057039,-32.077429053568899
1663220.8306461924,-32.054274777076216
1678625.8996332728,-32.220287903646863
1694173.6533114803,-32.250212125098926
1709865.4132536771,-32.327714629835576
1725702.5132733793,-32.418276789757584
1741686.2995381448,-32.371521075792195
1757818.1306839909,-32.432384881723635
1774099.3779308808,-32.513741267768488
1790531.42519928,-32.710573477885937
1807115.6692277859,-32.826359664342391
1823853.5196918596,-32.847620481556675
1840746.3993236441,-32.829892730624621
1857795.7440328996,-33.073623141818096
1875003.0030290578,-33.077751476162561
1892369.6389444005,-33.264500001621151
1909897.1279583932,-33.291623172466892
1927586.9599231572,-33.256997571194191
1945440.6384901076,-33.536593805481431
1963459.6812377681,-33.615394835531134
1981645.6198007595,-33.621221004423212
2000000,-33.820252999637795
